,GW1,GW2,GW3,GW4,GW5,GW6,GW7,GW8,GW9,GW10,GW11,GW12,GW13,GW14,GW15,GW16,GW17,GW18,GW19,GW20,GW21,GW22,GW23,GW24,GW25,GW26,GW27,GW28,GW29,GW30,GW31,GW32,GW33,GW34,GW35,GW36,GW37,GW38
Cédric,4,6,8,6,9,2,7,8,9,6,8,8,2,9,4,5,2,6,1,5,3,6,6,1,1,6,9,9,4,7,4,7,9,7,1,2,8,2
M.Elneny,5,6,5,5,9,9,7,2,7,9,5,4,4,9,2,4,5,5,8,1,6,9,3,4,5,2,6,5,2,6,8,3,3,5,4,9,1,3
Fábio Vieira,9,9,3,7,7,9,2,1,2,3,5,3,9,8,4,8,3,7,9,1,2,4,6,3,2,4,4,6,8,3,1,2,5,5,1,7,4,7
Gabriel,8,1,7,5,1,5,1,6,2,3,8,3,7,3,3,7,2,1,4,5,4,2,8,9,1,9,1,3,8,9,6,2,6,1,5,2,7,3
Havertz,2,7,6,5,4,1,1,5,2,5,1,1,5,5,2,3,5,8,9,2,2,3,5,8,5,6,1,3,1,5,9,1,9,6,2,4,9,4
G.Jesus,5,4,3,9,1,1,9,4,3,5,4,8,5,4,1,9,6,6,5,5,3,6,5,3,2,5,9,7,9,9,2,4,2,9,9,3,2,9
Jorginho,1,3,3,1,7,8,8,7,8,1,6,5,2,2,8,6,7,3,9,6,2,9,2,3,4,1,6,2,4,5,2,7,7,3,9,1,7,9
Kiwior,6,2,2,1,3,8,4,4,9,9,2,9,9,3,6,2,3,9,6,3,5,1,6,6,9,5,6,3,8,8,3,6,9,7,6,1,5,1
Martinelli,8,1,6,3,6,8,5,6,2,9,7,2,6,9,3,3,5,2,3,9,2,9,6,9,3,8,2,4,2,6,7,8,2,2,2,3,5,1
Nketiah,4,9,3,1,3,1,9,6,6,4,9,6,5,2,3,1,8,5,5,4,4,2,9,3,1,9,5,5,3,2,9,7,4,9,4,5,5,1
Ødegaard,1,4,4,1,9,7,5,9,2,8,5,7,7,1,4,9,3,4,3,2,7,4,6,9,2,7,1,9,4,6,7,6,3,4,2,7,7,5
Thomas,3,5,9,7,7,4,1,7,2,8,7,2,3,4,8,9,8,3,9,8,4,8,2,4,7,2,2,7,4,8,2,1,8,3,4,6,5,8
Ramsdale,7,4,4,3,7,6,2,9,1,5,9,9,6,4,7,3,1,1,4,9,7,9,4,7,2,1,1,5,5,6,5,3,6,7,3,6,8,5
Rúnarsson,3,3,2,6,6,8,6,9,8,2,7,9,6,7,9,1,7,7,7,3,7,9,1,5,8,1,7,9,3,6,9,7,3,3,7,9,8,7
Saka,9,7,3,3,8,3,9,5,1,8,6,7,8,3,8,6,2,8,9,8,2,5,2,9,8,2,1,9,6,5,6,4,1,9,1,6,5,2
Smith Rowe,1,1,7,9,7,1,5,7,2,7,1,7,8,4,4,2,2,4,3,6,6,2,6,8,7,2,8,4,8,6,6,6,2,8,7,8,4,2
Tomiyasu,5,7,4,3,9,3,5,8,8,9,7,4,2,8,2,3,9,7,6,9,1,1,9,9,7,8,5,3,6,6,4,2,8,2,2,2,6,4
Trossard,3,9,6,5,2,7,9,3,7,3,6,7,8,2,3,8,2,3,5,1,2,2,3,9,7,4,8,1,4,5,8,4,8,6,6,5,2,2
White,3,2,1,3,7,6,2,9,9,8,1,7,3,3,5,9,8,2,8,4,6,8,1,1,7,6,3,1,5,8,4,3,6,7,4,9,2,2
Zinchenko,5,1,5,6,1,6,8,8,2,4,6,9,8,2,2,6,5,2,5,3,9,5,4,5,8,1,3,4,2,5,5,3,3,4,9,1,7,5
Raya,3,9,9,5,3,1,6,7,4,3,9,6,1,9,2,6,3,9,2,4,4,8,3,3,7,3,8,7,3,4,2,5,6,7,8,6,7,4
Nelson,4,4,9,3,5,9,5,4,9,3,9,3,7,7,1,8,7,2,1,2,3,2,2,8,8,6,3,9,2,9,3,5,5,1,8,9,7,3
J.Timber,5,3,4,9,8,2,9,1,5,5,8,1,7,8,2,4,4,1,1,4,7,6,4,1,3,8,8,4,7,2,1,6,8,1,6,9,8,9
Hein,5,4,8,4,4,7,5,6,6,4,5,8,8,6,1,8,2,4,9,5,1,4,8,7,8,7,6,8,5,2,4,3,4,1,6,5,9,2
Walters,4,8,3,9,3,8,4,4,5,7,3,9,6,5,1,3,7,9,6,4,1,1,6,1,6,3,4,9,3,3,9,8,3,2,9,8,2,2
Lewis-Skelly,5,2,8,8,1,6,9,6,2,7,6,5,6,5,4,3,7,8,6,2,4,7,5,1,2,6,8,5,2,3,4,6,3,2,4,3,6,1
Nwaneri,8,4,3,8,1,9,5,8,8,7,9,7,3,3,8,7,9,4,5,6,4,2,5,1,9,9,6,2,4,9,1,1,9,5,8,6,6,7
Bandeira,5,3,8,9,9,7,7,6,9,2,7,2,4,3,1,3,3,5,4,6,6,3,6,3,7,9,2,5,9,4,8,3,3,4,4,5,8,3
Sweet,5,7,3,6,2,8,2,2,3,2,7,9,6,7,9,2,6,6,5,6,8,3,9,9,1,8,5,5,4,8,3,9,6,7,4,4,5,7
Alex Moreno,6,6,1,9,8,5,6,6,6,8,7,5,3,8,2,4,1,3,7,4,5,6,9,6,1,3,7,2,4,4,5,6,3,4,1,3,1,2
Bailey,8,4,1,8,2,1,3,9,2,8,3,3,9,8,3,8,2,8,3,2,9,3,2,6,7,1,9,9,4,4,4,7,5,5,7,9,3,3
Buendia,4,7,6,1,6,5,9,9,4,5,3,3,3,9,4,6,7,7,1,8,8,4,6,2,5,6,4,4,9,9,8,6,2,1,8,8,4,1
Cash,3,1,5,9,2,1,3,2,5,9,7,5,3,6,1,7,9,8,9,1,6,2,2,6,6,5,9,2,6,1,8,3,9,3,6,5,9,2
Chambers,2,9,4,3,6,7,5,4,1,1,1,9,2,9,6,3,9,1,3,3,2,2,4,5,7,1,1,6,7,8,5,9,7,9,6,2,7,5
Diego Carlos,2,2,2,6,9,6,6,6,6,2,6,1,5,4,3,8,9,2,4,4,7,8,9,2,1,3,9,8,4,6,1,5,4,4,8,3,5,4
Digne,2,1,6,6,2,7,9,4,9,4,5,4,4,8,8,5,3,3,6,5,8,8,4,2,3,4,8,7,7,7,8,6,7,3,9,3,3,8
Douglas Luiz,2,3,5,8,5,4,7,9,5,5,8,1,1,6,6,2,2,2,7,4,5,1,4,9,5,5,7,7,2,7,5,5,7,2,8,6,6,3
Duran,7,9,3,9,1,2,8,2,2,4,6,1,3,5,7,5,9,9,1,3,9,5,5,4,5,5,9,1,1,2,8,6,8,6,4,3,2,9
Hause,6,2,9,9,7,4,3,3,5,2,5,1,1,5,1,9,3,3,2,8,9,3,6,6,9,4,3,8,9,3,5,4,5,7,2,3,2,2
Iroegbunam,3,6,2,9,4,2,5,2,9,6,9,9,2,2,3,1,5,9,3,4,4,2,4,1,4,1,1,9,5,3,3,4,9,6,4,8,1,2
Kamara,5,6,3,6,6,6,5,7,6,1,6,8,8,1,3,8,9,2,9,9,3,3,1,6,4,8,8,6,4,9,9,4,2,6,6,6,8,8
Konsa,1,6,7,4,9,1,5,5,7,3,7,5,2,3,9,2,7,4,4,3,7,5,8,9,3,7,1,6,9,6,9,8,1,6,4,6,2,7
Martinez,9,5,1,6,4,4,7,7,6,3,4,1,2,8,1,5,6,6,7,1,6,8,6,5,5,2,2,4,3,9,2,9,9,9,2,6,6,3
McGinn,4,8,2,8,3,5,6,3,9,9,7,8,3,2,1,3,7,7,1,3,1,3,2,7,5,9,2,5,1,6,4,2,9,9,8,6,4,6
Mings,5,1,1,6,2,6,7,4,5,6,1,9,1,6,6,9,8,4,1,5,6,4,5,8,2,1,9,6,1,6,1,9,1,3,1,1,3,1
Olsen,9,7,3,1,8,6,1,6,1,8,7,2,7,3,9,2,2,5,7,5,3,3,4,7,3,1,6,9,6,1,6,2,7,9,8,6,6,1
J.Ramsey,7,5,9,4,8,3,4,7,8,2,8,8,7,7,1,2,8,2,8,2,4,1,6,9,7,3,7,1,2,9,1,7,3,6,8,5,2,5
Tielemans,3,9,9,7,4,6,8,2,4,8,1,4,4,4,4,4,4,7,5,3,5,4,2,5,8,8,7,1,9,3,3,8,6,3,8,8,9,8
Bertrand Traoré,7,9,5,1,2,8,1,5,2,8,6,2,2,7,7,1,1,6,1,7,8,1,3,8,5,9,1,3,8,1,1,9,2,4,5,3,5,3
Watkins,5,8,1,6,8,6,4,3,1,2,5,6,2,9,7,4,1,1,4,1,1,3,1,8,8,8,7,8,3,4,7,6,9,7,9,8,1,2
Pau,2,6,3,1,2,5,6,2,4,1,6,4,1,6,6,2,2,8,8,9,6,3,9,2,4,7,1,4,2,3,7,3,4,4,3,2,3,7
Diaby,9,7,8,8,5,5,9,8,9,7,4,1,2,2,1,5,1,9,2,5,7,4,9,3,3,3,9,9,7,9,9,2,8,6,2,4,6,4
Kellyman,4,1,4,9,5,8,9,4,3,8,7,5,8,6,2,9,4,6,2,7,7,9,7,8,2,7,2,6,8,4,5,9,2,7,4,6,8,6
Zaniolo,7,7,4,6,6,5,3,6,5,2,6,6,5,6,2,2,6,5,9,2,8,4,4,5,7,8,2,2,8,3,4,1,2,1,7,5,2,3
Lenglet,5,4,6,9,3,5,8,3,8,9,3,8,9,7,7,4,6,4,3,5,7,5,2,1,2,9,3,3,4,9,7,1,7,6,9,2,2,7
Proctor,1,9,7,3,5,7,4,1,4,7,8,5,6,1,6,9,6,4,8,4,8,9,9,7,3,6,4,8,7,6,5,7,2,3,3,1,8,7
Wright,2,5,5,5,4,6,4,5,1,6,5,9,6,5,1,4,5,4,3,5,1,5,4,3,6,3,1,6,4,4,4,6,2,7,9,5,1,1
Kesler-Hayden,6,5,1,1,1,4,4,2,9,4,5,1,9,6,3,2,9,3,8,4,6,3,7,1,5,2,4,4,6,2,4,4,9,3,4,5,6,8
Rogers,9,9,7,7,8,2,9,8,7,6,8,5,3,3,2,2,7,8,2,8,9,7,2,1,6,3,8,9,4,9,3,9,7,2,8,1,8,5
Gauci,6,6,1,7,8,3,7,2,3,4,1,9,6,5,3,5,7,6,7,6,7,5,3,8,6,5,2,4,8,9,1,1,4,7,6,7,2,5
Billing,2,8,3,3,4,2,6,8,8,8,1,9,6,1,9,5,4,7,1,4,3,4,6,6,1,3,5,3,7,2,5,8,9,7,8,3,7,3
Christie,4,8,3,3,6,8,9,4,1,4,8,7,2,3,5,1,9,2,5,8,3,1,4,3,7,1,5,2,9,9,4,6,4,9,4,3,2,2
L.Cook,7,2,5,8,9,7,7,5,4,5,2,6,4,4,5,6,8,6,6,2,3,9,1,2,7,2,3,7,5,2,8,2,5,6,4,9,5,7
Fredericks,2,8,6,9,8,2,3,6,5,9,8,2,3,2,9,2,4,1,5,1,6,7,9,9,8,8,5,6,2,3,3,9,9,8,9,7,1,6
Hill,4,8,2,7,3,8,8,8,1,6,1,3,1,7,7,6,6,5,2,7,9,1,1,6,4,9,6,7,3,2,5,1,1,3,9,5,8,7
Kelly,3,5,1,9,8,7,8,1,3,9,6,2,5,2,7,5,9,9,3,5,2,9,2,9,7,7,6,9,3,4,3,5,2,3,4,2,5,9
Kluivert,4,3,4,6,6,6,2,8,3,8,3,6,6,3,9,8,6,7,8,5,6,6,9,8,6,6,7,3,2,2,2,2,7,3,2,7,7,8
Mepham,3,1,7,4,1,3,7,6,9,7,3,2,5,3,3,8,2,2,1,4,9,7,7,5,8,2,1,7,1,8,7,8,5,1,5,1,4,6
Neto,1,6,1,6,4,9,6,6,8,9,2,4,5,2,3,1,2,9,8,3,6,8,2,2,8,6,7,4,5,4,8,6,5,5,6,4,7,7
O.Dango,2,4,3,3,7,3,3,8,3,3,9,9,6,4,7,9,9,1,8,5,8,6,5,4,7,7,8,5,9,2,3,8,7,2,2,9,9,5
Randolph,8,2,9,7,3,9,1,7,5,5,9,2,2,9,4,1,6,8,8,9,6,2,6,9,2,4,7,7,4,5,6,4,9,3,8,4,6,4
Semenyo,7,8,4,2,2,7,2,5,3,2,8,7,9,2,9,2,6,6,3,1,7,2,5,6,1,4,9,2,7,1,1,9,8,8,7,7,5,4
Senesi,5,8,3,8,9,2,1,4,7,1,6,8,9,2,1,6,8,6,5,3,1,7,8,3,8,9,6,5,7,6,9,8,6,3,3,5,6,4
Smith,2,5,2,2,2,3,7,3,3,4,9,1,1,2,3,8,7,5,2,2,4,7,6,3,9,8,9,7,8,7,3,3,4,2,4,4,6,8
Solanke,2,2,3,2,3,2,1,4,3,5,3,6,9,9,4,5,5,8,5,9,7,4,6,6,8,3,1,1,2,2,8,7,7,8,6,1,8,2
Tavernier,6,8,5,1,3,6,8,1,9,9,5,2,1,3,2,2,1,2,4,7,1,6,7,5,9,5,2,7,7,8,1,9,9,6,9,4,1,9
Travers,4,9,3,2,5,3,8,4,1,2,1,8,6,4,3,8,5,2,9,2,2,4,7,9,5,1,6,6,9,8,3,4,9,5,1,6,7,3
Zabarnyi,9,5,6,4,6,3,5,8,1,4,8,3,3,1,6,3,4,1,8,3,2,1,1,7,1,3,8,5,3,8,9,4,4,9,6,6,7,5
Kerkez,7,9,3,5,6,3,8,5,9,1,5,8,5,5,8,1,1,5,8,4,2,6,9,7,7,5,4,4,8,9,2,8,5,5,4,5,2,3
Radu,1,8,6,1,7,5,5,2,5,2,2,8,6,2,4,2,7,1,3,6,9,9,2,1,5,2,3,2,6,6,2,9,4,3,3,7,3,4
Aarons,8,8,7,1,4,3,4,8,7,7,3,1,3,8,4,3,6,8,9,6,7,6,6,1,8,8,9,9,8,5,7,2,4,8,8,4,6,5
Scott,8,3,3,3,9,4,6,7,8,8,5,1,8,7,1,6,2,3,8,9,4,6,5,5,6,4,9,3,5,2,2,5,2,7,3,3,1,7
Adams,6,7,5,8,2,3,5,3,1,5,8,2,2,3,4,8,6,8,5,9,4,6,2,1,4,9,6,7,5,8,6,7,1,4,2,3,8,1
Sinisterra,4,2,7,4,6,3,8,2,5,6,7,4,3,5,2,3,4,5,6,7,1,4,2,9,6,5,6,6,7,2,1,1,1,3,1,8,3,1
Faivre,2,3,5,8,9,3,3,9,5,1,4,1,8,4,8,3,3,6,1,4,6,9,8,2,2,7,6,8,9,4,5,6,8,6,7,4,3,5
Kinsey,8,5,7,5,8,9,2,4,8,3,6,6,1,4,7,3,4,9,8,9,9,7,6,9,1,5,8,8,2,3,2,8,7,7,6,8,9,9
Enes Ünal,7,9,6,6,5,8,2,9,4,5,9,6,3,7,6,5,3,6,8,2,1,8,5,2,7,9,7,4,4,9,7,4,3,8,6,1,5,6
Sadi,5,9,9,5,6,2,2,6,1,9,4,1,6,2,4,6,1,5,9,9,3,3,6,2,7,2,2,1,4,4,4,4,5,3,7,2,6,7
Ajer,3,6,2,5,5,6,3,5,1,8,3,7,8,8,1,1,2,1,7,8,4,1,2,9,3,5,7,5,6,9,3,5,7,5,5,1,7,4
Balcombe,1,8,3,1,1,4,2,9,5,2,5,2,7,2,3,9,6,8,4,2,2,4,4,8,2,5,6,4,6,7,4,6,1,4,6,9,4,5
Baptiste,7,6,1,9,6,9,8,4,6,2,5,9,7,9,8,9,8,8,7,9,6,9,7,7,5,7,6,3,8,5,8,4,2,1,4,5,1,7
Collins,3,5,7,4,7,9,5,9,2,5,1,1,1,9,9,3,4,5,1,9,3,8,6,2,8,1,2,5,4,7,2,6,8,7,8,5,5,3
Damsgaard,3,1,9,6,9,7,2,2,8,2,3,3,8,4,6,7,8,6,1,8,2,7,1,3,2,1,2,5,4,3,7,1,5,1,8,5,5,5
Dasilva,9,7,6,5,4,1,6,1,4,8,2,2,3,6,3,9,8,3,1,9,4,9,7,3,9,8,2,9,9,7,2,5,3,3,3,5,8,2
Flekken,7,5,4,3,3,2,9,6,5,5,7,7,2,3,2,2,8,6,3,5,5,9,9,8,3,2,3,6,6,1,5,1,2,1,6,8,1,9
Henry,1,4,4,1,2,9,2,2,7,4,5,4,3,6,2,1,3,7,4,5,9,3,6,5,8,1,2,7,6,3,1,2,2,6,9,3,7,7
Hickey,3,5,2,2,4,9,6,7,5,5,3,2,9,7,8,8,4,4,1,6,1,3,5,4,8,6,6,8,3,1,9,2,3,1,4,7,6,7
Janelt,5,2,2,4,5,8,7,3,3,4,6,1,3,9,7,7,5,9,7,4,7,6,9,1,1,9,7,6,2,3,7,4,7,2,9,3,7,3
Jensen,3,5,8,5,8,7,5,2,9,4,5,6,1,6,8,1,8,6,7,4,1,8,1,3,4,3,9,9,9,2,2,4,6,9,3,2,3,5
Lewis-Potter,1,4,3,4,3,9,3,6,2,1,7,3,2,3,5,8,5,9,8,8,2,7,1,6,9,4,5,7,8,9,6,6,3,7,4,3,4,1
Mbeumo,5,6,2,4,1,3,2,6,1,8,4,3,9,1,7,1,7,5,2,2,6,3,2,2,5,6,2,8,2,1,7,1,5,1,5,1,2,7
Mee,2,4,5,5,4,8,2,1,6,4,6,4,7,9,9,8,8,3,8,3,8,7,4,5,5,9,7,3,5,4,7,4,8,8,4,9,4,9
Nørgaard,6,7,3,1,7,4,9,9,3,9,7,1,3,2,5,8,2,8,6,7,1,9,8,7,8,9,1,9,4,5,8,4,4,2,9,2,4,6
Onyeka,8,8,9,7,4,1,9,2,6,1,9,7,7,4,4,9,3,1,7,2,6,1,2,7,6,3,5,5,7,9,9,2,9,5,5,6,1,4
Pinnock,6,5,6,9,9,9,4,6,3,4,5,2,3,3,2,1,3,2,8,2,8,8,2,2,1,6,8,7,3,8,4,3,6,5,2,9,5,5
Roerslev,5,3,7,9,2,7,5,7,7,1,4,4,9,4,2,6,1,2,3,7,5,1,5,7,1,6,2,8,6,3,5,3,1,6,4,3,8,2
Schade,1,5,8,9,8,3,1,8,8,3,3,3,6,3,6,5,1,6,3,4,7,7,2,3,9,3,7,2,5,2,9,3,2,1,3,5,9,2
Strakosha,1,2,5,1,5,2,4,2,2,3,4,6,5,7,2,5,6,7,6,2,1,2,3,2,9,8,8,3,4,7,2,8,7,8,4,3,6,5
Toney,2,8,2,4,9,1,6,8,6,7,5,7,8,6,1,6,3,9,7,8,8,2,8,7,4,9,5,5,3,1,2,7,9,5,6,6,8,2
Wissa,9,1,2,9,8,4,9,1,5,1,2,1,3,2,3,1,8,7,1,4,6,3,7,7,7,2,4,5,8,9,2,7,1,7,4,5,1,8
Yarmoliuk,2,6,9,1,2,5,1,3,2,9,6,5,7,7,9,6,5,1,8,9,7,4,3,5,2,3,8,9,8,6,1,6,1,2,1,8,1,9
Zanka,6,7,8,8,1,5,1,5,4,2,4,1,6,8,5,3,1,2,7,6,5,1,9,3,7,1,3,7,3,7,4,4,6,6,2,9,2,3
Maupay,8,4,7,9,9,8,4,4,4,8,8,1,8,6,1,6,6,8,2,1,9,7,5,7,4,5,3,7,4,5,6,3,2,7,6,4,3,8
Reguilón,7,2,9,1,2,3,4,8,2,5,8,1,4,4,9,5,2,8,7,3,7,9,9,3,9,7,8,9,1,1,4,4,1,2,3,5,1,1
Brierley,8,3,4,1,2,3,3,4,1,4,4,4,7,4,3,3,9,6,5,1,2,8,2,6,4,3,2,8,1,7,3,2,9,2,1,2,3,4
Ghoddos,3,9,1,1,4,1,2,2,5,9,4,3,9,6,3,3,4,9,4,4,2,3,9,5,1,3,7,2,1,5,6,9,5,4,7,7,1,1
Kim Ji-Soo,2,2,8,7,9,8,2,9,3,9,1,6,8,9,8,1,4,8,6,2,9,7,7,6,7,3,6,5,4,1,4,6,8,8,6,9,6,4
Adedokun,5,4,8,3,6,4,3,8,4,3,9,7,5,1,4,5,8,5,4,8,7,4,7,2,2,5,6,5,5,7,2,3,9,8,7,9,9,4
Angelini,9,3,7,4,9,3,4,4,7,9,3,4,5,4,6,1,6,5,9,5,7,1,6,2,7,5,8,6,9,4,5,1,5,7,6,2,6,7
Valdimarsson,2,7,6,2,5,8,2,1,5,6,8,5,1,2,7,1,3,6,4,7,4,5,8,9,7,4,5,9,4,8,9,4,8,2,8,2,9,9
Fredrick,5,8,9,6,1,6,6,4,6,3,3,7,3,2,6,7,2,1,5,6,4,3,6,3,6,9,2,3,4,5,1,6,4,8,9,7,6,5
Arthur,7,6,5,1,8,9,2,6,3,2,5,5,9,5,7,3,1,9,1,1,5,9,5,3,6,7,6,3,4,1,3,7,5,6,1,1,1,1
Adingra,6,9,3,5,4,3,9,5,4,8,8,9,8,2,1,2,3,4,3,7,1,6,3,6,4,9,3,1,7,8,3,1,8,2,2,3,5,6
Buonanotte,4,8,1,6,6,3,6,7,4,9,9,2,2,2,4,4,7,6,2,7,6,6,5,8,3,8,2,7,7,3,3,3,3,3,6,7,6,1
Dunk,5,7,5,3,8,2,8,7,5,9,4,1,5,4,9,1,1,8,3,4,9,4,9,8,8,8,2,6,5,7,7,5,6,9,5,9,2,9
Enciso,4,5,8,3,7,6,9,4,6,2,3,7,8,4,1,5,6,3,1,6,6,2,6,1,4,2,7,5,3,4,9,8,9,8,5,4,3,8
Estupiñan,3,5,9,1,9,2,5,7,1,4,9,9,7,6,4,2,4,9,2,5,2,5,5,1,8,9,5,2,2,3,4,2,3,7,7,9,9,8
Ferguson,6,1,3,9,6,3,1,3,9,7,1,9,4,1,5,1,2,7,9,8,2,3,4,8,8,5,9,3,3,8,6,1,7,9,4,4,3,4
Gilmour,9,8,1,4,3,9,4,5,1,4,8,3,9,9,3,4,8,1,2,3,7,5,6,2,1,1,7,8,8,7,5,3,8,9,6,2,5,4
Gross,6,7,2,5,8,1,7,8,7,9,6,8,4,4,3,2,6,8,2,3,1,9,5,1,8,1,4,1,8,5,9,3,4,3,8,5,7,7
João Pedro,6,4,3,8,1,5,4,9,3,1,5,6,1,1,4,1,2,9,7,4,7,1,6,9,2,2,4,8,4,8,5,4,9,5,9,9,6,3
Lallana,8,6,8,7,6,3,2,1,7,6,3,8,5,2,7,1,9,7,7,5,4,5,6,8,6,9,4,9,6,3,5,2,7,3,1,4,6,8
Lamptey,3,7,8,7,5,8,7,5,6,1,2,2,1,1,4,1,8,7,8,7,3,3,2,5,8,8,2,1,1,5,9,5,6,2,3,2,4,8
March,5,2,5,7,5,8,7,6,5,7,4,5,7,4,3,4,5,6,8,2,5,1,4,5,3,4,3,1,6,2,5,7,6,9,7,1,9,4
McGill,2,8,2,1,2,1,4,2,7,9,4,5,9,7,1,2,2,2,9,1,8,2,2,4,6,6,9,6,5,1,7,5,8,6,3,9,4,6
Milner,6,5,6,3,4,5,9,4,5,4,8,7,8,9,4,8,9,7,4,6,7,6,2,6,9,7,8,1,1,7,2,7,4,8,5,5,2,1
Mitoma,9,7,6,5,6,3,2,9,8,1,8,7,6,1,1,5,2,1,1,5,8,4,5,5,8,9,9,7,6,8,8,3,8,7,7,7,4,5
Moder,8,5,7,4,5,8,5,8,1,4,6,2,2,3,4,9,9,6,8,1,9,7,4,7,1,5,5,3,1,5,9,6,2,4,5,1,7,3
Steele,4,5,9,9,1,4,8,6,4,8,3,8,4,4,3,4,5,8,1,3,7,4,7,3,8,3,9,4,6,2,1,5,4,1,4,8,3,3
Van Hecke,1,5,8,2,5,6,5,9,3,7,4,2,4,9,4,3,4,5,3,9,6,5,7,9,3,8,8,2,5,5,1,9,8,5,8,4,7,2
Veltman,1,7,2,3,7,5,9,1,4,6,2,4,8,5,9,6,8,7,7,7,9,8,8,9,6,1,7,8,8,9,4,2,8,3,9,4,8,9
Verbruggen,3,9,4,6,1,1,7,5,9,9,3,9,8,2,4,5,3,7,2,2,7,9,2,1,4,2,9,4,3,4,4,9,4,1,3,5,6,1
Webster,1,9,2,9,4,1,8,1,5,8,5,4,2,7,5,2,4,4,1,7,7,5,3,7,8,8,6,8,9,6,3,1,1,8,9,3,1,7
Welbeck,1,2,5,1,3,5,6,5,5,8,6,6,5,2,3,2,3,4,6,3,9,5,9,9,3,3,7,2,8,9,3,4,7,4,1,7,2,5
Igor,8,3,4,2,2,7,8,3,6,2,2,2,3,8,1,2,8,9,3,9,1,3,4,8,5,6,5,1,9,2,2,2,2,1,1,5,7,5
Hinshelwood,5,1,3,4,7,9,3,2,8,1,5,2,2,9,9,7,6,5,9,8,2,5,7,3,8,2,7,9,5,3,1,3,6,8,3,4,7,1
Baleba,8,5,2,3,2,5,3,6,6,4,8,5,7,1,1,2,9,8,4,9,9,3,3,6,6,5,8,4,7,8,1,2,6,7,6,6,3,3
Ansu Fati,8,7,8,5,8,5,9,7,8,4,1,8,4,4,2,3,4,1,7,6,6,3,7,9,7,1,1,9,4,1,2,7,4,9,1,9,8,8
O’Mahony,9,7,8,7,6,8,8,3,5,3,2,7,3,5,3,8,1,9,7,4,4,6,7,2,7,9,9,3,2,9,4,8,7,1,4,8,6,6
Baker-Boaitey,1,8,5,7,1,8,1,8,2,5,3,9,5,8,2,8,7,4,6,1,2,3,1,6,8,2,8,7,4,3,7,7,9,4,2,4,7,8
Jackson,2,1,7,8,2,2,5,2,1,5,9,9,5,1,2,5,7,5,9,3,3,9,8,9,3,9,1,9,5,6,7,7,5,4,1,4,2,3
Duffus,1,5,2,7,6,8,1,2,3,7,7,5,2,2,2,8,4,5,9,2,2,7,7,1,2,4,7,6,9,8,2,1,4,6,2,3,9,9
Kavanagh,2,9,5,4,3,8,7,3,3,9,2,3,5,8,9,7,6,7,3,8,3,2,5,6,6,6,1,3,3,4,9,5,9,5,3,5,4,3
Barrington,1,6,7,3,7,2,9,3,5,7,4,1,6,7,2,9,8,2,5,3,3,4,5,4,3,6,9,7,1,9,5,4,9,8,7,3,6,3
Peupion,1,1,3,9,1,7,4,9,3,4,5,5,8,1,4,4,5,9,1,7,2,5,6,8,2,6,5,8,9,2,1,8,8,5,8,8,7,3
Barco,5,2,7,6,3,1,7,8,7,7,5,4,7,5,7,5,7,5,7,3,5,3,7,5,5,9,4,7,7,4,9,9,7,9,7,6,3,2
Agyei,1,2,8,6,7,8,1,7,8,9,3,6,8,2,5,5,7,9,9,7,8,3,7,4,9,4,8,8,8,8,1,3,9,8,3,3,7,1
Al-Dakhil,5,9,2,4,6,6,4,7,6,7,1,9,2,8,7,9,6,6,3,3,5,8,6,5,2,7,1,2,6,4,5,8,2,2,5,5,4,9
Benson,2,1,1,4,9,6,1,5,2,5,4,7,5,9,7,9,3,3,7,4,7,1,4,2,4,7,8,8,1,3,6,3,2,8,6,8,7,1
Beyer,6,9,9,5,6,2,5,1,1,7,4,3,9,4,8,6,9,6,9,8,9,9,5,5,8,8,9,5,8,8,4,3,1,2,3,5,4,2
Brownhill,7,7,1,5,8,3,5,7,3,6,1,1,5,9,2,7,8,7,3,5,6,1,4,9,4,8,7,9,7,8,1,3,2,8,6,5,1,5
Cork,8,9,8,2,9,8,2,3,7,9,1,7,3,7,9,2,6,7,4,6,6,3,4,5,5,9,1,1,3,2,4,7,4,3,9,8,7,2
Cullen,2,4,2,1,6,3,9,6,9,9,8,1,2,6,6,7,8,9,6,1,1,6,2,3,5,4,8,7,3,1,4,4,4,1,7,5,2,2
Ekdal,2,5,3,5,7,5,4,1,6,1,6,3,4,6,6,9,6,4,2,2,3,2,1,1,6,3,1,1,2,6,3,6,1,4,5,7,6,3
Gudmundsson,4,6,5,5,9,4,5,7,5,1,9,5,3,1,1,2,6,7,4,1,3,5,8,6,2,9,7,9,5,3,1,9,5,4,1,5,6,7
Muric,4,6,1,6,6,2,9,9,2,4,2,7,8,8,9,5,5,2,9,5,8,5,1,2,4,4,1,3,3,3,5,1,1,6,9,3,4,4
O'Shea,1,4,3,4,5,1,9,6,1,5,1,5,5,8,8,4,8,4,7,8,6,8,3,6,5,7,7,2,3,2,5,2,2,2,8,4,8,3
Obafemi,3,6,5,2,9,3,5,6,8,3,8,5,4,1,3,3,8,1,6,7,7,4,3,5,5,3,8,6,5,6,4,3,3,8,1,8,6,9
Rodriguez,7,6,7,1,2,8,3,7,9,5,4,7,5,9,6,6,9,9,6,9,1,3,9,5,5,3,9,7,8,5,6,3,9,3,8,3,1,9
Taylor,1,7,3,9,7,1,6,4,4,1,6,5,4,1,1,2,4,6,2,1,2,7,1,4,4,2,8,1,3,9,6,7,6,1,9,2,8,3
Vigouroux,2,9,3,2,4,4,4,7,1,4,9,8,6,7,3,4,5,7,8,1,7,1,1,2,8,3,5,8,8,8,1,8,5,7,8,2,1,2
Vitinho,4,1,9,3,1,7,1,4,9,9,9,7,6,7,7,1,1,5,5,8,5,1,3,7,9,7,1,6,3,2,7,5,5,5,8,8,9,9
D.D.Fofana,4,4,4,4,2,6,5,8,3,5,3,6,8,4,2,7,8,7,5,2,4,9,1,2,6,1,8,5,3,3,5,4,6,9,2,7,2,4
Berge,7,4,4,2,2,1,2,2,9,2,6,6,4,1,5,3,7,9,3,1,9,3,2,3,3,2,9,8,1,3,3,9,5,9,1,9,9,6
Amdouni,5,6,5,5,5,1,4,8,3,5,1,1,2,3,8,4,1,5,6,7,2,9,7,9,8,2,5,7,8,2,5,1,9,3,9,2,3,9
Trafford,3,1,8,2,3,3,1,1,3,8,3,2,3,8,8,3,7,1,9,5,9,2,9,3,1,9,6,4,4,6,5,9,6,2,3,3,2,8
Redmond,3,5,8,6,2,3,8,6,2,9,3,3,7,6,7,4,9,8,4,3,2,4,8,7,2,9,2,2,4,2,5,8,3,1,1,4,1,2
Koleosho,2,6,1,8,8,8,2,6,4,9,8,8,2,7,9,1,1,2,9,2,7,1,8,1,7,9,4,8,3,8,5,2,3,8,6,8,1,4
Bruun Larsen,8,6,8,8,9,7,8,4,1,7,7,2,5,6,7,2,5,3,6,8,1,4,3,9,9,5,8,1,5,9,1,5,1,2,9,2,9,2
Odobert,3,2,8,9,8,7,7,6,1,7,4,8,8,4,5,3,8,5,2,3,4,7,5,4,1,6,7,2,9,7,8,6,9,9,5,2,1,6
Delcroix,5,4,8,5,2,2,1,7,2,6,7,4,5,1,9,2,1,4,4,3,6,1,6,7,7,1,2,4,4,7,6,1,6,4,9,2,1,2
A.Ramsey,9,9,4,6,6,7,8,7,8,2,2,4,9,6,6,8,3,9,5,4,7,7,7,1,4,5,2,4,5,5,2,8,3,4,4,6,3,5
Massengo,4,1,8,1,5,9,9,9,8,6,8,7,9,3,5,4,3,6,7,7,1,6,1,9,8,3,7,8,9,5,8,3,7,9,4,7,1,8
M.Trésor,2,7,6,6,3,1,6,2,2,4,3,6,1,9,2,9,5,7,4,8,5,8,8,1,8,3,9,9,3,1,1,3,8,7,9,3,6,4
Assignon,3,4,9,2,5,1,2,5,7,7,9,5,9,2,4,5,6,4,1,1,7,8,6,3,9,2,5,1,5,3,1,1,1,9,2,4,5,8
Estève,8,6,4,8,4,6,8,1,8,2,9,7,4,5,7,3,5,4,7,4,2,6,4,2,8,9,9,5,9,2,4,2,1,3,3,4,6,2
Caicedo,1,5,4,7,7,3,5,9,5,9,2,7,7,3,4,8,8,3,9,9,1,3,8,8,9,9,8,7,1,7,6,3,7,4,8,5,5,1
Sanchez,1,4,9,3,3,4,3,3,3,6,4,5,1,9,3,4,7,2,8,3,6,5,1,6,1,2,5,1,4,3,7,1,9,6,7,9,8,9
Aubameyang,3,3,9,5,6,7,3,9,1,5,9,3,8,2,2,8,1,5,9,1,9,9,4,9,7,1,6,1,1,6,6,7,5,2,7,5,6,3
B.Badiashile,5,8,8,9,8,6,1,4,5,6,3,2,7,5,9,1,3,6,9,2,9,3,3,1,8,8,3,2,7,2,1,8,4,4,3,9,9,7
Bettinelli,5,3,3,4,4,6,5,6,3,5,8,2,4,1,9,7,4,7,1,4,9,7,3,8,7,6,1,8,1,7,7,9,8,6,5,7,4,5
Chalobah,3,8,5,2,2,6,2,2,3,3,5,9,9,7,6,4,8,2,9,5,9,1,4,3,3,8,2,2,5,6,1,5,8,4,8,4,9,1
Chilwell,4,4,5,8,9,2,5,8,5,5,8,1,5,5,9,2,8,4,9,4,9,1,2,7,1,5,3,2,7,1,9,2,7,7,1,5,1,6
Chukwuemeka,3,8,9,9,1,8,8,6,5,8,4,4,1,4,2,6,6,6,1,5,4,3,2,2,8,1,5,7,4,8,4,5,4,9,4,8,6,3
Colwill,8,6,9,1,3,1,4,6,5,1,4,5,7,9,1,7,1,7,3,9,2,2,8,6,4,4,6,4,5,2,8,9,9,4,4,1,6,9
Cucurella,1,2,5,4,1,4,4,9,8,9,6,9,7,7,7,9,2,7,5,2,4,8,5,6,6,8,8,9,5,7,5,3,3,3,4,3,8,6
Enzo,7,5,7,5,9,8,4,5,2,8,6,8,1,7,2,2,5,8,7,4,2,3,3,7,1,8,8,7,2,1,5,9,1,7,7,9,9,5
W.Fofana,6,3,4,5,8,5,2,8,7,3,3,3,8,1,8,4,5,1,3,1,4,2,7,6,1,9,7,8,2,3,7,4,7,2,5,6,5,9
Gallagher,5,4,7,4,5,7,3,4,5,4,3,9,2,8,8,5,3,9,9,9,6,5,3,1,1,3,8,9,1,3,8,8,8,7,9,2,9,9
Gusto,2,2,4,6,4,3,2,3,3,8,3,6,2,1,4,9,3,4,2,8,1,7,4,5,8,8,2,6,5,4,6,6,5,5,1,5,1,2
James,9,7,2,7,9,3,2,1,1,1,1,1,2,9,8,7,5,5,2,9,5,4,2,8,1,8,5,6,5,8,5,3,3,2,7,3,3,1
Madueke,9,1,6,8,8,2,2,1,9,6,4,7,8,1,3,2,5,2,5,2,8,6,8,8,5,4,5,1,6,7,4,6,8,5,4,4,3,7
Mudryk,7,3,6,1,9,7,5,1,7,4,7,4,4,7,7,7,6,9,4,5,4,9,8,9,2,4,1,1,9,6,9,5,4,6,4,1,5,9
N.Jackson,9,5,1,6,3,2,5,6,6,8,4,8,4,3,4,2,9,6,7,8,5,8,3,7,2,7,8,9,4,3,2,8,7,1,9,4,4,1
Nkunku,3,2,3,9,2,6,7,7,2,5,7,9,3,4,2,7,5,6,4,3,8,3,4,9,3,5,5,8,6,2,8,1,3,5,1,5,2,3
M.Sarr,3,1,4,5,9,2,5,2,5,3,6,4,3,8,4,1,4,6,1,5,9,6,2,2,1,3,2,1,7,4,7,7,6,3,9,3,5,9
Sterling,9,8,6,9,9,2,5,7,7,3,6,8,8,1,5,2,6,9,9,4,2,9,1,8,9,8,7,5,2,9,2,4,7,5,1,2,8,3
T.Silva,2,9,8,6,2,3,4,8,3,8,3,8,6,2,6,7,4,7,6,1,3,6,4,9,3,2,1,2,4,7,1,9,2,4,4,1,1,9
Palmer,5,8,6,3,4,3,8,9,2,1,6,7,3,3,4,4,3,1,8,7,6,8,6,9,4,5,9,2,5,9,5,7,9,3,4,8,6,8
Disasi,2,8,9,9,4,8,4,3,7,4,2,8,7,7,6,3,4,6,7,2,8,5,1,2,9,3,7,1,2,7,8,1,5,4,7,7,8,7
Ugochukwu,6,7,6,2,3,4,3,7,6,8,4,9,7,9,6,8,8,5,2,4,1,6,6,3,5,7,9,4,3,2,6,8,3,2,2,1,2,3
Lavia,8,2,5,6,2,1,8,9,7,3,7,7,6,5,3,3,7,6,4,7,3,2,9,2,9,7,4,3,6,1,1,8,2,1,3,6,5,4
Deivid,2,2,2,8,6,9,7,2,1,4,3,1,8,8,4,9,7,1,1,7,5,7,8,5,9,3,4,3,7,9,7,4,4,2,4,3,3,9
Diego Moreira,2,9,8,1,8,6,1,4,4,4,8,4,9,5,1,1,4,8,1,6,2,6,7,7,9,3,5,6,7,6,7,6,5,7,2,9,1,2
Petrović,7,7,9,9,2,9,5,8,1,3,4,4,3,5,5,1,3,7,6,2,9,1,2,5,9,9,4,4,4,4,6,2,6,3,7,7,3,7
Gilchrist,4,1,6,6,3,6,4,2,2,9,9,3,2,4,7,4,9,7,1,8,4,7,1,1,3,4,3,4,3,1,5,7,9,6,4,3,9,5
Stutter,5,6,3,5,5,1,8,7,8,6,2,6,3,4,1,5,7,4,6,3,4,9,6,2,3,1,7,9,5,1,3,1,6,9,3,8,5,7
Brooking,3,8,4,4,7,6,4,7,9,8,2,6,9,4,6,4,3,3,4,5,8,4,9,6,9,8,9,1,6,2,5,1,6,4,6,4,4,9
Castledine,5,6,3,4,6,2,4,5,6,7,6,1,3,4,6,2,3,2,3,3,7,6,1,7,6,8,8,1,9,5,3,1,7,3,2,1,7,8
Casadei,7,9,8,3,9,5,3,8,3,9,2,6,1,2,1,6,4,1,7,7,9,2,6,3,2,4,5,5,9,3,1,7,3,6,7,5,4,3
Samuels-Smith,1,4,7,6,8,9,7,9,6,1,3,3,1,1,5,9,4,6,2,1,2,2,7,9,4,8,2,3,1,3,7,7,7,5,9,2,4,5
Harrison,6,6,7,8,9,1,3,3,8,1,9,1,1,6,6,1,3,5,1,4,9,8,7,7,5,9,4,6,1,9,3,1,6,7,7,9,8,7
Tauriainen,5,7,3,6,7,6,3,4,3,1,9,6,2,7,1,3,5,3,6,2,8,1,2,8,1,9,5,7,4,1,8,1,3,6,5,2,7,4
Acheampong,8,9,2,9,9,9,4,6,7,1,9,8,6,9,1,8,9,5,1,9,9,2,6,7,7,9,5,8,8,1,4,5,2,1,7,8,3,2
Holding,1,8,8,7,9,4,6,1,1,1,9,5,8,2,4,3,9,5,3,3,9,5,5,7,9,1,6,5,7,2,4,9,9,8,6,7,5,9
Ahamada,4,1,8,3,6,7,3,5,9,4,6,4,6,6,5,8,6,6,9,1,7,9,2,1,5,9,9,1,6,4,8,8,5,3,2,2,1,9
Andersen,8,5,1,9,2,1,3,5,9,1,6,8,2,2,2,5,1,6,5,8,4,1,2,7,1,9,8,8,6,4,5,2,9,1,3,8,7,6
J.Ayew,8,3,8,6,6,4,6,6,1,6,6,5,7,7,7,7,6,6,5,5,7,1,9,1,4,8,2,1,2,5,3,4,6,7,5,6,9,2
Clyne,6,4,1,8,9,2,2,8,6,9,1,7,9,9,2,7,1,8,7,2,2,3,6,4,7,2,7,5,1,5,3,9,8,4,7,5,9,4
C.Doucouré,7,6,2,8,5,5,7,8,4,8,6,3,5,3,8,6,8,8,2,2,6,4,8,5,4,5,8,2,8,9,4,6,1,8,5,9,4,8
Edouard,9,5,3,1,2,1,6,5,2,1,3,5,8,3,5,2,6,7,3,4,1,3,2,9,4,8,7,7,8,9,6,2,8,4,3,9,9,7
Eze,9,6,8,6,4,3,7,4,2,4,4,6,7,4,1,2,7,3,5,5,7,5,8,5,3,6,6,4,9,3,5,8,6,8,8,5,8,1
Guéhi,8,7,9,7,6,9,2,5,3,3,4,2,1,5,4,1,3,6,9,9,1,4,2,2,6,1,2,2,9,9,3,7,9,2,5,1,6,1
Hughes,6,7,5,1,1,7,5,4,4,6,1,2,3,2,3,9,8,8,7,4,4,2,8,8,1,1,5,1,9,6,8,2,5,6,2,1,5,5
Johnstone,2,4,6,1,3,8,7,7,4,4,2,2,7,2,9,5,8,7,7,9,8,2,2,8,5,4,3,3,2,3,4,7,6,5,2,9,6,4
Lerma,4,2,2,4,8,8,8,7,7,6,9,3,4,3,1,1,9,9,1,5,1,9,8,2,2,7,4,2,4,4,3,2,8,7,8,6,4,5
Mateta,8,8,4,1,6,4,5,3,2,9,6,9,9,1,1,6,6,8,5,7,7,1,6,5,4,8,4,6,5,8,5,6,9,2,9,4,9,5
Matthews,6,6,3,5,3,1,7,7,6,2,4,4,3,3,9,2,5,7,6,2,1,4,9,9,8,9,5,6,4,5,6,7,7,3,7,8,9,5
Mitchell,7,4,9,5,7,7,4,2,4,9,6,1,3,5,2,5,9,4,3,5,2,6,9,4,7,6,4,6,7,2,6,1,1,9,6,2,3,9
Olise,6,5,1,8,8,3,2,7,4,2,9,7,9,5,7,7,3,1,1,4,3,1,2,4,2,4,5,5,9,6,5,6,3,7,8,3,9,6
C.Richards,3,9,3,2,1,3,8,4,9,6,4,5,3,2,5,9,2,7,1,3,4,7,1,9,5,8,2,9,3,9,6,1,9,9,4,2,1,2
Riedewald,6,5,2,9,5,5,1,4,9,6,8,5,2,8,4,3,1,6,6,4,9,5,2,7,8,9,8,2,7,4,3,2,4,9,2,2,5,6
Schlupp,6,7,7,3,4,5,5,2,9,9,2,1,5,6,2,7,5,3,3,8,4,7,7,7,1,2,8,3,6,1,5,6,5,9,9,5,5,5
Tomkins,1,9,7,7,9,7,7,2,2,9,7,6,7,3,8,9,1,3,4,2,8,4,5,6,3,5,1,8,6,3,3,7,3,3,5,4,3,8
Ward,6,1,4,2,6,5,8,7,4,3,1,9,5,7,9,8,8,9,9,7,2,1,3,1,9,2,4,4,1,4,1,7,4,1,8,2,9,8
Whitworth,5,7,6,2,3,4,1,2,6,9,4,7,6,1,5,3,8,8,3,3,1,5,8,2,5,8,1,9,9,4,2,5,6,9,1,1,9,5
Henderson,3,7,2,7,7,3,4,2,6,7,6,1,5,2,3,2,4,2,2,2,3,2,8,4,6,4,7,4,3,5,6,7,5,1,7,3,5,3
Matheus França,9,6,2,4,9,5,6,3,5,7,5,9,9,6,7,6,7,4,8,1,5,1,1,6,6,7,9,4,4,8,6,7,7,6,8,6,7,2
Rak-Sakyi,9,4,8,1,2,2,7,1,5,8,7,8,9,2,5,9,7,9,8,7,7,9,4,9,5,1,1,5,6,6,3,7,5,7,7,5,4,5
Ola-Adebomi,8,6,3,7,1,3,3,6,9,9,8,3,7,4,5,7,8,7,8,5,5,8,4,2,6,1,8,8,4,9,7,7,6,1,7,4,8,4
Ozoh,4,6,8,7,4,6,5,8,7,7,8,5,7,6,7,5,9,9,4,7,4,5,9,7,8,4,8,8,9,9,7,9,4,4,8,3,7,5
Raymond,4,1,4,3,1,4,3,6,4,6,2,4,6,1,3,4,4,7,5,9,3,5,3,3,8,9,2,1,5,4,8,1,5,2,9,2,1,5
Muñoz,8,6,9,4,1,9,8,5,1,2,1,6,6,5,8,8,7,7,4,1,9,9,7,3,3,2,1,7,5,3,8,4,9,8,7,8,6,3
Wharton,7,8,4,7,1,3,4,4,9,7,1,7,5,8,1,9,8,8,4,9,5,9,5,9,4,6,5,7,7,4,4,4,8,9,5,2,5,1
Umeh-Chibueze,4,2,9,6,7,8,4,2,5,5,4,7,1,9,8,7,1,1,5,7,5,6,6,8,8,2,3,7,1,6,9,1,3,3,5,3,3,8
Rodney,9,8,3,6,5,5,8,7,7,2,5,6,6,8,9,8,7,7,4,8,8,1,6,2,1,6,7,9,9,9,1,8,4,9,9,9,7,1
Mathurin,3,8,1,2,4,3,9,8,1,6,1,1,4,4,6,3,9,6,5,1,1,6,3,5,1,4,5,5,7,1,4,8,9,5,9,6,2,6
André Gomes,2,3,9,4,5,8,8,2,4,4,9,5,8,1,1,1,3,3,9,2,8,3,5,7,2,8,8,1,6,5,1,3,1,7,6,2,9,5
Branthwaite,7,8,3,4,4,4,2,8,9,1,8,6,5,6,8,6,7,3,7,1,7,1,2,9,6,3,2,9,4,1,6,9,9,2,6,4,6,8
Calvert-Lewin,3,5,1,6,3,8,1,4,5,2,4,9,6,1,3,5,7,5,9,2,8,2,7,9,8,1,1,2,6,7,1,4,6,2,9,5,5,4
Coleman,2,4,7,9,3,4,3,3,3,6,2,7,9,7,1,4,7,4,9,2,4,5,6,5,7,5,8,8,8,5,6,9,1,8,8,8,6,9
Dele,8,3,5,4,1,4,2,4,7,5,3,8,4,8,9,9,8,6,7,9,9,2,8,5,3,7,4,1,7,2,4,7,1,5,9,4,7,8
A.Doucoure,7,6,3,3,2,4,8,5,6,9,9,7,7,9,6,2,5,5,5,8,5,5,9,6,4,1,4,5,7,3,5,3,6,9,5,9,6,8
Garner,2,7,5,1,8,5,3,5,4,3,9,9,6,9,8,2,4,3,5,3,3,2,1,5,2,5,8,8,9,3,7,7,1,1,5,9,2,7
Godfrey,3,7,7,2,3,9,1,6,2,3,7,6,8,3,2,7,4,1,8,3,6,9,7,4,4,7,7,9,6,7,1,9,6,9,3,6,5,6
Gana,1,6,9,4,6,9,7,2,4,9,8,3,6,1,7,6,3,5,9,6,9,3,8,3,2,9,6,8,2,7,4,5,6,5,8,1,9,3
Keane,5,5,5,1,7,4,3,6,3,8,2,3,4,8,3,3,5,6,9,2,2,5,9,9,4,6,5,4,7,2,7,4,5,8,7,6,3,4
McNeil,4,7,5,9,1,4,6,5,8,8,1,3,2,4,2,3,8,1,6,2,7,9,7,1,6,7,2,8,6,8,5,5,6,7,5,6,7,7
Mykolenko,1,8,7,1,7,5,9,4,8,9,6,9,3,7,9,8,4,8,4,5,9,5,9,3,9,1,6,1,9,9,5,6,8,1,5,5,1,8
Onana,2,2,9,1,8,6,9,8,6,5,9,4,5,5,4,2,5,4,2,8,1,1,6,5,9,5,9,2,9,8,7,9,7,5,9,5,9,3
Patterson,3,6,1,3,8,5,3,4,7,3,2,8,4,1,2,8,7,2,9,3,6,4,7,2,1,2,3,1,7,3,9,7,5,2,6,5,1,9
Pickford,1,5,1,4,2,5,5,2,5,1,4,8,1,6,6,4,7,4,4,8,7,5,2,2,2,1,1,7,3,5,3,4,5,2,3,8,9,8
Tarkowski,5,9,6,9,7,5,1,6,6,4,8,2,1,2,7,4,1,5,5,4,3,4,7,4,5,5,5,7,1,1,3,2,2,7,2,1,6,7
J.Virginia,3,4,8,1,9,6,5,5,2,4,2,4,1,6,2,7,4,2,3,4,4,1,2,1,8,8,1,9,6,8,9,6,4,1,5,8,8,8
Lonergan,1,2,4,7,3,4,1,4,8,7,7,9,3,4,4,8,6,6,8,2,3,7,5,5,6,4,2,6,4,8,4,4,3,8,9,1,9,8
Young,2,6,7,8,5,8,1,9,7,6,2,3,5,6,8,3,6,9,6,2,2,4,5,9,2,3,9,6,7,9,9,1,6,6,7,6,9,2
Danjuma,3,7,6,2,7,2,7,1,6,6,4,7,3,1,2,3,4,1,6,8,4,6,2,9,5,4,8,5,3,8,7,3,3,7,6,2,7,1
Dobbin,7,1,9,1,5,8,3,2,1,3,1,5,7,1,1,4,8,3,8,8,9,3,5,5,3,6,4,7,5,2,6,4,1,8,6,2,1,2
Y. Chermiti,5,2,6,4,9,2,7,3,7,5,3,1,6,9,7,7,6,2,1,4,4,6,8,1,7,9,4,7,2,4,8,6,3,6,9,4,4,1
Onyango,1,5,8,6,2,5,1,2,9,1,6,8,5,6,7,8,3,8,8,7,4,8,9,4,2,5,9,3,1,1,1,1,1,9,3,6,5,5
Beto,4,5,2,6,7,3,6,9,6,6,4,1,3,2,9,7,3,6,2,2,1,4,2,7,2,3,8,6,7,9,5,1,4,9,3,9,8,9
Hunt,9,6,3,6,1,5,4,3,1,6,7,6,3,8,1,8,5,5,9,2,1,5,9,6,5,1,1,5,3,5,1,4,5,1,5,1,9,6
Metcalfe,7,5,6,6,5,1,3,5,6,3,6,4,2,1,5,9,4,2,1,3,2,9,6,6,5,7,6,3,5,2,9,5,2,8,5,2,3,2
Warrington,9,9,4,8,5,3,7,7,3,5,1,3,3,1,1,1,8,6,5,7,7,6,4,5,9,3,8,2,8,8,7,8,5,4,7,1,4,7
Broja,6,3,4,2,2,5,5,9,1,8,3,6,4,5,1,6,3,9,9,2,1,7,3,5,7,5,1,4,5,4,7,5,8,5,5,6,2,7
Iwobi,3,4,5,2,9,7,4,9,6,8,1,1,6,8,2,5,3,8,8,8,4,3,1,9,2,8,3,4,2,8,1,1,6,7,9,3,9,1
Andreas,9,5,7,5,7,1,2,3,3,3,2,8,2,3,2,9,2,7,2,6,9,8,2,6,5,2,3,4,7,4,7,2,3,3,5,4,8,8
Cairney,1,8,1,5,2,8,3,2,3,5,8,2,1,1,5,9,5,4,8,7,3,8,6,8,9,4,2,2,8,3,7,5,7,6,7,3,6,5
De Cordova-Reid,2,6,8,8,2,7,4,6,2,4,7,2,9,7,5,8,8,3,8,8,9,7,1,9,2,8,3,8,3,8,6,7,3,3,9,5,1,7
Diop,2,3,7,4,9,5,9,1,7,7,6,8,3,5,1,2,7,9,6,1,1,7,7,1,4,3,5,8,2,7,6,3,4,1,4,6,9,7
Leno,3,5,1,7,4,7,4,5,3,6,6,1,3,9,3,6,8,7,8,2,9,2,8,9,6,3,3,4,5,9,4,8,1,7,3,4,5,1
Lukić,2,2,9,5,2,3,2,2,9,8,3,3,7,6,1,7,5,4,2,2,2,3,5,5,5,2,1,4,7,4,8,2,8,8,9,1,6,1
Muniz,6,7,6,3,5,8,3,2,3,2,7,1,3,5,7,6,7,5,7,1,5,5,3,9,8,8,5,9,2,5,1,2,2,6,5,3,4,7
J.Palhinha,2,4,5,9,2,3,7,1,7,9,6,8,1,7,7,3,1,4,2,8,4,4,2,8,7,7,9,1,6,2,4,8,3,9,6,6,3,2
Ream,7,2,9,3,3,9,8,2,5,4,3,5,5,4,7,6,1,4,1,5,3,6,2,1,5,2,9,5,9,4,5,8,8,5,2,5,8,8
Reed,5,5,8,5,4,4,8,4,1,6,7,3,8,3,3,8,2,8,7,2,9,3,4,8,8,9,4,5,8,2,3,7,6,6,9,2,7,5
Robinson,3,3,8,5,5,3,9,6,8,5,6,3,8,6,6,7,3,7,2,6,5,2,4,1,2,8,3,5,9,3,3,9,7,6,9,3,6,4
Rodák,3,5,7,6,7,8,1,4,4,6,9,4,6,5,2,7,9,3,8,8,8,7,1,1,6,2,1,9,7,2,3,2,1,5,3,6,2,6
Tosin,3,3,6,3,8,2,9,4,8,2,7,7,5,1,1,1,8,4,5,2,9,7,9,5,2,8,8,4,3,4,8,3,3,7,1,8,2,5
Wilson,9,8,1,8,5,5,7,2,4,9,3,1,9,6,9,5,5,3,5,3,6,1,3,1,4,9,6,1,5,6,3,9,9,8,9,8,7,3
Willian,6,6,2,4,2,3,9,6,6,3,5,1,9,9,7,3,8,9,3,8,4,9,2,6,4,1,4,5,8,4,6,5,2,5,6,4,6,5
Bassey,3,7,4,5,5,9,5,3,3,9,5,1,1,6,5,8,7,9,5,7,7,2,8,6,9,3,4,7,6,7,6,3,2,9,4,4,5,3
De Fougerolles,7,3,9,7,3,6,1,4,8,1,2,8,9,7,1,5,7,3,9,8,3,3,4,8,7,3,4,6,2,3,5,1,5,8,6,8,7,1
Dibley-Dias,8,8,7,7,3,2,4,6,2,3,1,8,8,3,7,8,7,4,5,4,8,5,8,6,9,6,2,5,7,5,7,9,3,4,1,4,5,9
Adama,1,2,7,3,8,9,1,2,9,4,9,2,5,7,6,6,1,9,4,8,5,9,2,7,6,5,7,6,5,4,3,2,6,6,8,7,6,9
Castagne,9,5,7,9,8,4,5,3,5,5,4,4,6,5,8,3,5,1,9,6,2,9,9,7,6,3,9,2,8,8,6,7,1,9,4,8,4,6
Benda,2,2,1,7,6,7,3,3,4,9,2,9,4,2,7,1,2,6,4,5,6,1,8,7,2,4,3,6,7,3,6,6,2,6,2,1,5,9
Ballo-Touré,6,3,2,1,2,6,3,1,6,9,9,1,7,9,8,8,5,9,8,6,5,1,9,1,5,2,4,9,4,7,5,3,7,5,5,5,8,9
Tanton,1,7,2,3,6,4,7,4,3,3,7,2,2,1,4,9,3,6,2,2,5,6,7,2,8,2,7,1,3,7,4,2,5,3,4,7,5,8
Sekularac,6,2,3,7,2,3,2,8,7,2,4,8,2,9,6,1,2,8,9,4,2,7,4,4,7,3,7,1,9,3,4,1,9,2,3,5,5,3
King,8,8,6,1,5,6,3,5,2,4,5,2,5,8,9,7,2,2,9,4,8,5,6,6,8,8,3,3,6,2,1,8,8,9,5,7,3,5
Adrián,7,5,9,7,8,7,4,1,6,4,2,6,8,5,8,6,1,8,2,8,1,8,9,5,2,8,7,9,5,3,6,9,2,1,5,2,2,2
Alexander-Arnold,4,6,1,2,9,7,4,8,1,8,4,4,8,4,5,5,3,4,3,2,6,5,5,1,2,7,9,4,3,5,5,5,7,3,7,3,2,1
A.Becker,6,1,1,9,3,5,4,8,5,7,7,4,2,5,5,9,2,2,2,1,7,8,7,9,7,7,6,7,9,7,2,4,7,3,8,2,6,2
Bajcetic,5,7,7,9,2,8,4,3,8,8,3,3,1,3,4,6,8,1,1,4,6,7,5,3,3,5,6,7,4,6,8,7,8,7,5,1,6,4
Darwin,2,3,8,9,5,8,8,2,8,9,2,7,2,5,7,7,3,4,6,3,7,4,9,6,9,3,2,3,6,9,4,2,3,7,5,6,6,9
Diogo J.,4,5,4,2,5,4,5,2,1,2,2,2,4,4,6,1,9,9,2,3,2,2,9,1,2,9,2,5,6,3,8,3,6,7,5,5,2,8
Elliott,2,2,1,9,3,4,6,1,8,2,8,2,6,9,4,6,6,6,6,8,3,7,1,8,3,5,6,4,3,1,4,5,4,3,5,6,5,6
Gakpo,3,8,1,6,6,7,3,8,3,1,1,3,8,5,3,6,4,7,2,6,8,5,8,4,3,4,4,1,1,2,1,9,3,6,2,2,3,9
Gomez,9,3,8,4,7,8,6,6,6,6,4,4,2,3,1,1,8,2,7,5,2,5,4,9,7,5,7,4,4,9,5,2,6,4,2,9,7,7
Jones,7,9,7,3,6,6,1,5,7,5,1,5,8,8,6,1,8,5,2,9,1,4,2,2,6,5,9,5,9,1,6,3,4,6,5,1,9,9
Kelleher,4,2,3,8,9,2,6,1,8,3,5,4,8,5,3,9,3,7,4,6,8,8,5,9,1,3,7,3,6,9,8,8,5,2,5,3,4,9
Konaté,1,7,7,3,8,1,5,3,7,6,6,9,6,2,5,1,9,1,1,7,2,6,9,4,8,2,3,5,9,2,1,3,7,8,7,6,3,4
Luis Díaz,8,4,7,4,7,9,8,1,9,5,8,2,8,7,9,4,6,5,6,6,6,8,6,5,1,8,3,2,3,5,9,4,3,1,5,1,6,3
Mac Allister,8,5,1,9,5,5,9,5,5,7,9,4,7,9,2,4,3,1,2,9,1,2,1,7,7,7,4,3,1,2,5,9,8,2,9,8,7,2
Matip,6,4,6,3,9,6,8,1,1,7,9,6,7,5,7,6,5,2,1,4,4,7,5,2,9,9,5,2,9,8,3,8,2,4,7,9,9,1
Robertson,4,1,1,4,3,2,8,1,6,2,2,2,2,8,9,4,5,9,6,9,2,8,7,1,8,6,5,6,6,1,6,3,2,8,1,4,1,9
Szoboszlai,3,9,4,5,2,6,6,3,8,2,5,9,7,4,5,1,7,1,3,2,3,4,2,7,7,4,7,8,7,4,3,8,6,2,5,3,6,9
Thiago,1,8,1,6,5,5,2,9,8,6,2,3,1,6,8,5,4,4,2,7,2,8,3,8,6,6,5,5,4,6,8,1,4,2,7,4,6,7
Tsimikas,4,4,7,5,3,9,9,1,4,9,9,2,2,5,2,5,6,9,1,1,1,7,3,4,4,6,7,4,7,5,3,2,2,4,9,8,4,6
Virgil,2,1,8,4,3,9,1,8,4,1,6,8,3,8,5,2,4,8,1,7,1,6,8,5,7,4,7,8,3,4,4,1,4,4,6,9,8,3
Quansah,6,4,6,4,7,8,2,2,2,6,3,3,6,8,5,1,6,2,9,7,5,9,6,9,5,2,7,7,4,5,7,5,8,3,9,6,4,8
Clark,2,1,9,9,7,1,7,7,8,2,4,4,8,5,1,9,2,3,5,4,9,2,5,3,4,3,7,4,3,8,4,4,7,5,5,2,9,6
Doak,5,4,5,5,7,3,5,8,1,1,4,5,9,5,9,5,7,9,5,8,8,5,1,5,1,7,2,6,2,3,6,8,5,7,1,7,9,8
McConnell,8,8,8,5,4,7,9,3,7,7,9,8,1,6,3,4,1,2,1,1,6,6,9,4,1,2,7,5,4,1,2,9,4,2,8,9,5,2
Endo,1,9,5,4,5,8,3,6,1,6,6,9,3,9,1,9,5,1,8,7,2,5,6,4,7,8,5,9,8,1,9,9,9,1,4,1,6,7
Gravenberch,6,8,4,3,1,9,6,3,9,1,8,4,4,4,5,9,3,3,7,7,1,4,5,3,2,6,6,9,5,8,7,3,3,5,3,8,2,2
Scanlon,7,1,8,3,9,6,8,3,7,7,5,1,8,1,7,8,6,5,1,6,4,6,2,1,7,4,7,2,9,5,3,4,7,9,1,8,8,8
Nyoni,1,7,2,4,6,1,5,7,9,4,6,3,1,8,3,9,8,5,1,1,1,3,2,9,4,1,7,6,6,3,4,6,7,7,9,8,4,3
Bradley,9,1,3,1,7,7,3,2,3,7,1,2,3,7,6,7,2,1,2,8,7,5,6,6,3,7,3,3,7,1,1,3,8,6,2,4,2,7
Gordon,6,7,3,7,1,2,9,8,4,5,9,2,1,3,5,7,3,2,8,2,8,4,4,3,5,3,3,3,8,7,4,3,5,1,3,1,5,3
Koumas,3,4,8,3,1,2,1,6,9,5,5,8,7,2,8,6,5,3,7,8,1,8,9,4,6,6,5,4,4,6,5,3,7,7,9,6,9,9
Mrozek,5,4,5,5,4,9,3,7,6,1,5,6,7,2,7,9,2,4,9,4,6,1,7,3,8,5,6,6,9,2,3,6,3,7,3,8,6,5
Danns,8,7,1,6,3,4,5,2,5,3,5,9,7,7,5,1,3,2,2,9,8,1,2,5,4,4,5,8,2,8,9,8,6,8,4,9,5,6
Nallo,7,8,7,8,3,7,8,6,3,3,8,9,9,1,3,7,3,9,3,9,5,6,8,3,1,5,8,4,5,4,3,2,2,4,7,1,6,9
Sambi,5,7,4,9,6,7,9,8,4,5,5,9,4,4,6,9,7,3,2,9,3,9,3,1,2,4,3,5,1,8,6,1,2,6,6,4,1,7
Nakamba,3,7,9,6,9,5,1,3,6,3,3,3,8,4,1,3,6,8,3,3,5,8,5,2,1,6,5,7,6,3,7,1,6,8,2,6,9,2
Adebayo,7,7,8,6,8,4,3,5,4,9,3,5,9,1,8,3,4,7,1,3,1,9,8,5,8,5,9,7,5,5,3,6,4,6,5,7,9,1
Bell,5,8,7,5,3,9,5,1,2,5,6,6,2,9,2,1,2,3,6,5,3,3,5,7,6,1,3,6,9,5,3,6,6,4,3,7,4,4
Berry,8,5,5,9,7,4,8,1,1,9,8,8,1,1,4,9,7,8,3,9,8,5,9,5,9,9,5,3,1,9,8,6,7,6,8,3,2,7
Doughty,5,9,2,2,5,7,2,6,7,3,1,7,2,2,5,8,2,3,6,9,7,9,4,3,6,1,1,9,6,1,2,2,4,1,5,5,8,9
Morris,4,4,2,5,2,7,2,4,5,8,2,6,8,7,1,7,8,4,6,8,4,7,9,9,9,4,2,3,7,6,2,5,9,8,5,8,1,5
Ogbene,9,8,4,9,5,2,1,6,7,4,1,5,7,8,9,1,7,1,8,1,2,6,3,1,7,3,8,7,1,9,8,7,8,4,8,6,4,3
Osho,8,8,9,3,7,7,3,4,1,4,1,3,1,4,1,8,7,7,4,8,5,1,9,6,4,5,8,4,7,1,9,2,5,9,1,3,9,9
Shea,5,3,3,9,7,4,8,8,6,6,5,9,5,4,1,1,2,8,8,4,7,1,6,8,5,2,6,1,5,7,7,3,7,4,6,7,6,5
Woodrow,5,5,1,3,5,5,2,9,9,1,9,3,7,6,6,5,4,7,7,8,1,6,9,5,3,6,7,7,9,7,4,2,9,5,6,7,6,4
Mengi,3,8,6,6,4,5,8,8,5,4,4,9,5,1,4,6,5,1,4,5,2,1,1,7,7,5,1,3,4,3,4,3,5,3,6,3,6,1
Lockyer,3,3,6,7,1,1,9,1,3,6,8,4,8,6,5,6,6,4,3,9,9,8,3,2,2,7,4,3,8,1,8,1,6,2,4,3,1,1
Mpanzu,2,2,6,7,9,9,6,3,2,7,9,4,1,8,4,5,5,7,2,7,4,4,5,1,9,1,9,3,6,4,1,5,5,3,8,9,2,9
Chong,8,8,4,9,3,6,1,8,1,7,5,4,3,3,8,6,8,5,1,9,5,1,9,4,6,3,3,7,4,4,7,8,1,9,6,3,1,2
Kaboré,9,8,2,4,8,5,5,8,1,1,7,9,3,9,5,1,5,4,1,1,8,1,5,8,8,6,7,4,7,4,8,8,3,9,4,3,9,9
Kaminski,7,8,7,2,3,6,7,4,1,7,5,2,8,8,1,8,6,6,1,3,2,2,7,8,8,1,1,4,6,7,9,4,6,3,5,5,3,2
Barkley,6,3,4,7,9,5,3,9,8,4,1,2,6,9,8,8,8,3,6,9,5,2,4,3,3,7,3,3,6,8,6,8,7,1,1,9,2,6
Brown,8,6,7,8,1,2,5,1,3,3,2,4,5,2,4,4,4,3,8,2,2,1,4,9,9,8,6,1,6,7,7,7,9,1,3,8,9,1
Johnson,4,7,2,4,9,3,5,2,1,3,6,5,8,4,1,1,5,3,9,8,2,7,4,9,8,8,9,8,9,5,4,8,7,5,3,9,1,3
Townsend,6,1,3,9,7,9,2,3,2,4,6,8,4,5,7,4,8,4,7,9,9,7,6,9,8,1,3,2,3,6,4,6,4,2,9,5,2,2
Hashioka,8,5,3,2,4,8,4,6,7,1,6,2,2,3,6,9,5,1,5,6,4,6,9,2,5,7,7,8,5,9,5,6,6,1,9,8,2,9
Piesold,2,8,6,1,8,2,1,4,9,3,4,5,4,9,2,8,3,8,4,4,7,5,4,1,9,2,1,3,1,5,7,5,1,8,8,6,1,5
Martins,2,2,1,5,4,9,9,3,6,1,9,2,8,5,1,1,6,7,5,8,2,9,6,6,6,3,6,6,6,5,4,2,6,8,2,2,2,6
Akanji,6,6,7,2,7,6,9,5,5,3,2,1,7,3,7,1,8,9,5,2,9,7,3,3,2,3,5,4,1,5,3,8,9,7,7,8,7,2
Aké,8,4,5,6,5,3,5,4,3,5,2,6,7,3,6,3,9,1,6,6,3,2,2,1,4,1,1,4,4,6,9,1,9,2,7,9,1,6
J.Alvarez,4,2,5,7,2,7,8,4,7,1,9,8,8,7,6,6,6,1,1,2,4,6,6,8,1,7,8,1,5,5,8,8,3,6,2,4,5,2
Bernardo,2,2,8,5,8,4,7,9,6,5,3,3,6,7,9,4,3,7,7,1,2,6,2,6,8,5,7,1,8,3,6,8,1,4,3,5,1,5
Bobb,1,4,6,5,5,6,8,9,7,4,6,5,9,2,7,6,8,4,6,9,3,6,5,4,2,4,5,4,8,6,4,1,1,1,7,6,5,5
Carson,4,9,8,2,1,3,8,3,7,1,4,8,7,4,9,1,6,8,5,5,2,7,9,6,5,1,3,1,1,5,7,4,1,7,9,9,6,6
De Bruyne,6,4,3,6,2,2,5,8,3,6,8,9,6,3,4,3,8,2,5,7,6,4,8,8,8,9,2,3,2,1,4,5,2,8,4,1,6,8
Rúben,9,7,5,8,2,9,3,9,1,6,1,5,1,5,1,7,3,8,2,8,9,3,2,8,2,9,8,6,7,3,3,9,8,1,9,6,9,7
Ederson M.,9,8,8,7,1,7,2,3,9,1,8,1,5,8,8,2,1,5,7,4,5,1,7,2,7,8,8,9,3,7,6,3,3,2,4,9,9,7
Foden,4,6,5,9,4,9,2,2,1,1,2,1,3,6,4,1,3,2,3,9,5,3,3,7,4,7,6,9,3,6,7,3,9,7,5,5,2,7
Grealish,9,2,8,4,9,7,2,4,2,2,2,1,8,9,6,8,5,3,8,4,1,7,3,5,3,8,7,6,7,2,1,6,9,4,8,4,8,1
Kovačić,6,5,4,8,6,4,4,3,3,3,1,1,9,6,4,5,7,8,9,7,4,2,6,6,1,6,2,2,1,4,8,1,1,6,9,7,2,4
R.Lewis,9,2,5,5,5,5,2,1,2,9,2,6,4,9,1,4,1,8,5,6,8,7,6,2,1,5,6,2,8,3,9,4,6,8,9,6,8,9
Ortega Moreno,3,2,1,1,7,3,7,7,6,7,5,5,7,5,1,5,1,5,7,7,8,4,7,4,1,2,3,8,9,3,7,5,6,6,3,2,9,7
Sergio Gómez,5,3,6,5,6,5,9,7,8,1,7,7,7,4,1,6,3,1,1,5,5,1,1,9,5,4,1,1,1,9,1,3,9,5,2,5,3,4
Stones,1,8,6,3,1,9,8,9,4,5,9,4,1,2,9,7,5,8,1,4,5,8,3,6,7,1,3,4,5,4,1,1,9,6,5,7,5,6
Walker,6,6,9,5,3,6,5,3,3,8,5,1,1,9,4,6,2,5,2,5,5,9,8,6,2,9,6,5,5,8,9,1,5,2,1,8,6,3
Matheus N.,9,9,2,4,6,2,9,1,2,2,3,9,2,1,2,7,5,3,1,5,8,3,7,8,6,6,5,4,3,1,8,4,4,3,9,1,1,5
Gvardiol,1,2,1,7,2,6,2,7,8,7,9,5,1,4,1,1,3,3,7,7,4,1,5,3,9,2,4,3,5,3,8,9,6,1,3,3,7,4
Doku,5,5,4,6,7,1,8,5,9,4,4,7,1,7,8,1,2,8,8,2,3,4,1,6,1,6,4,9,1,5,6,4,6,5,5,5,6,7
Susoho,4,2,5,2,1,5,7,2,4,1,8,8,5,6,6,3,9,2,7,5,3,8,3,3,6,3,6,6,4,4,9,6,9,2,3,2,1,7
Hamilton,5,4,8,5,3,3,8,4,3,4,6,6,1,2,1,3,8,7,8,3,8,2,6,9,2,7,8,1,5,8,7,5,5,9,7,8,4,8
Mount,1,2,8,9,9,4,9,2,9,4,2,8,2,9,4,7,8,6,4,5,3,2,1,8,1,6,2,2,3,5,3,4,4,7,3,5,7,4
Amad,9,2,2,2,6,8,2,3,6,6,2,2,1,2,5,6,3,3,9,9,7,6,7,3,6,2,1,6,9,1,9,2,1,8,6,9,7,8
Antony,6,2,5,9,9,8,1,3,6,6,6,3,5,4,5,2,3,3,7,7,9,3,2,4,2,5,2,2,5,8,3,3,1,5,3,4,5,6
B.Fernandes,6,6,5,2,6,8,3,9,3,4,7,4,9,3,2,7,5,1,6,5,3,1,7,2,7,2,1,8,8,1,9,3,8,3,3,1,6,6
Casemiro,4,9,9,4,9,3,6,6,4,3,4,3,4,3,1,1,9,6,4,1,1,4,7,3,9,8,6,7,9,4,9,7,6,2,2,2,4,3
Dalot,8,3,9,1,6,2,8,2,5,1,5,6,2,6,4,1,2,1,2,5,2,8,4,8,9,5,4,7,3,4,2,2,4,7,6,7,7,3
Eriksen,6,2,9,1,2,9,2,2,9,9,6,3,6,8,1,8,9,5,4,7,7,8,7,5,6,4,9,6,6,4,6,8,8,7,8,5,1,1
Garnacho,1,8,3,5,7,2,1,1,6,9,1,1,2,7,3,9,9,6,7,4,6,7,5,8,1,1,2,5,1,9,7,7,6,9,2,9,1,7
Heaton,8,4,2,4,1,2,2,1,3,6,9,8,3,2,2,7,8,7,7,3,4,5,5,2,2,2,5,5,3,3,4,6,2,8,2,5,3,1
Lindelof,6,3,6,1,4,8,8,5,1,4,4,8,1,7,5,9,1,7,6,7,7,2,7,1,3,8,3,2,2,5,3,8,6,9,8,7,4,8
Maguire,4,4,1,6,7,4,1,8,9,5,2,2,3,6,3,9,2,5,6,8,2,2,1,6,3,2,2,1,9,8,1,6,7,8,1,5,7,4
Mainoo,1,1,6,9,6,9,1,5,4,1,6,4,5,9,4,8,2,9,2,7,9,5,7,2,2,6,5,7,1,1,9,9,9,7,1,2,9,5
Malacia,9,3,9,1,2,7,8,7,8,9,6,3,8,4,7,7,8,2,1,1,6,9,7,1,3,4,5,7,6,7,6,6,1,6,4,8,1,4
Martial,6,9,6,7,2,6,3,2,2,4,8,6,2,9,2,2,4,2,6,2,4,7,4,8,8,5,2,9,4,5,3,3,9,7,6,9,2,2
McTominay,4,3,3,9,4,4,9,1,3,6,6,8,7,7,6,9,2,7,9,3,3,9,9,3,4,6,5,6,1,7,1,6,7,7,5,4,4,6
R.Varane,6,8,8,7,3,9,7,2,3,7,2,7,5,4,4,2,2,2,8,2,6,7,1,6,8,5,1,5,9,4,3,6,3,8,3,2,4,4
Rashford,8,9,2,9,2,9,4,7,8,6,7,4,6,5,4,8,6,8,2,4,7,5,9,2,3,5,2,2,2,6,1,3,4,3,7,3,5,3
Shaw,7,6,3,3,4,5,3,6,2,3,1,7,7,5,2,4,1,3,6,2,3,8,8,7,3,3,7,5,4,1,2,6,5,8,6,4,6,4
Shoretire,2,2,1,9,8,2,8,4,7,3,5,9,9,2,2,3,3,5,6,9,6,6,1,5,2,6,9,7,7,4,7,9,7,9,3,1,5,8
Wan-Bissaka,4,1,2,8,6,3,3,9,1,8,6,9,4,2,5,6,7,8,2,2,5,7,7,3,2,2,7,3,4,8,8,7,9,7,3,8,9,2
Højlund,3,6,9,3,1,4,6,6,2,9,5,4,3,2,9,4,2,1,5,2,9,7,8,7,1,6,9,9,4,3,6,5,4,8,1,7,2,6
Forson,6,6,3,6,1,4,8,9,7,3,7,1,8,7,8,6,5,6,7,2,1,4,9,5,4,1,6,9,5,1,3,9,4,2,3,5,8,8
Altay,1,2,8,8,5,1,3,7,6,3,3,7,2,4,3,1,3,1,2,9,6,1,7,2,8,4,4,7,4,9,5,9,5,9,2,8,3,2
Evans,1,4,8,7,1,1,4,6,3,3,1,4,1,3,5,5,9,8,9,1,5,9,8,1,8,5,9,1,5,9,6,6,5,1,3,5,6,7
Amrabat,5,5,2,8,4,2,7,5,1,7,9,7,7,1,4,7,8,4,7,3,7,5,2,6,8,7,4,2,2,8,6,1,3,2,8,2,8,2
Kambwala,1,2,1,8,6,8,3,4,8,6,9,1,2,4,3,7,8,2,8,2,4,8,4,5,9,6,3,8,9,4,3,3,8,4,6,6,5,5
Collyer,3,6,2,7,1,4,4,4,7,9,1,7,9,1,4,3,8,2,9,7,4,7,4,4,3,7,8,5,9,9,5,5,2,4,3,6,2,8
Ogunneye,5,6,4,6,3,6,2,2,4,9,3,1,2,1,6,4,9,4,9,3,1,4,4,5,2,6,8,3,3,7,9,3,3,2,4,3,3,7
Hall,9,3,4,3,9,4,8,8,1,8,3,5,9,7,1,7,2,2,9,2,3,9,6,1,5,5,7,4,1,9,6,6,4,2,5,3,9,6
Almirón,5,9,7,9,6,9,5,9,1,3,8,8,1,1,5,3,9,3,4,5,5,8,2,3,1,7,3,3,4,3,4,7,2,9,6,1,1,6
Anderson,6,3,8,9,6,7,9,6,1,9,2,8,8,5,9,8,8,5,9,3,6,6,6,2,2,6,1,2,9,9,1,6,8,6,8,1,5,3
Botman,7,2,4,1,6,1,3,9,5,2,8,8,6,4,7,9,7,7,5,9,3,9,2,2,3,4,8,9,4,2,1,6,8,5,4,5,1,9
Bruno G.,2,6,5,8,3,7,4,9,2,7,2,6,3,4,2,1,5,3,7,4,9,9,1,6,6,4,4,2,4,7,1,2,9,1,3,5,9,6
Burn,1,4,7,6,9,3,1,1,1,4,1,8,8,3,6,3,5,5,5,8,7,9,1,3,7,3,5,7,8,5,3,9,7,9,8,7,7,1
Dubravka,6,3,7,1,3,4,9,5,3,1,4,4,7,8,9,9,4,4,4,5,8,3,1,2,6,5,7,9,4,8,7,5,9,5,5,7,3,9
Gillespie,8,3,8,3,6,2,3,2,9,3,1,9,2,4,7,3,5,4,8,5,7,6,1,2,9,1,3,2,6,9,9,7,5,7,1,8,5,9
Joelinton,4,5,2,1,7,5,8,5,8,7,9,3,8,5,7,1,4,9,8,2,6,3,4,9,8,5,3,5,1,2,1,6,5,3,3,5,1,7
Krafth,2,9,1,8,5,6,2,7,3,7,6,1,8,2,2,8,7,5,6,4,8,5,2,9,4,6,1,3,2,5,1,4,2,7,3,9,7,7
Lascelles,5,3,2,4,3,1,1,8,6,3,2,4,8,4,4,4,7,1,9,2,2,9,4,2,3,5,6,3,3,5,3,3,5,6,4,8,4,7
Longstaff,1,5,7,2,1,8,5,5,1,7,9,3,4,2,3,4,7,9,5,5,8,2,2,1,4,8,7,9,6,7,9,9,8,3,4,2,3,9
J.Murphy,6,9,5,1,9,8,8,3,8,8,9,7,7,4,6,7,9,4,9,7,6,1,1,3,6,9,3,7,5,6,6,2,7,8,4,2,5,1
Pope,4,8,9,5,7,1,7,4,9,4,5,4,6,5,1,7,2,4,3,8,3,1,4,9,5,1,7,5,7,4,9,2,4,7,3,3,5,8
Ritchie,1,6,4,7,4,3,3,6,1,2,3,9,5,5,5,6,5,8,3,6,1,7,9,1,8,7,5,7,8,4,5,5,8,5,8,4,9,8
Schär,2,2,4,6,4,5,6,5,6,1,3,3,4,7,1,1,4,7,1,5,2,4,5,8,5,4,3,7,5,2,5,3,8,9,4,7,2,1
Targett,7,7,9,7,6,4,8,9,9,4,7,3,1,8,3,1,3,6,5,6,2,7,5,1,2,8,4,4,8,9,1,8,9,4,4,7,8,7
Tonali,8,5,5,4,8,3,5,6,3,3,5,3,2,6,9,1,7,2,1,5,4,6,3,1,4,9,4,9,8,9,9,4,2,7,8,4,3,2
Trippier,8,2,3,3,5,4,4,8,4,8,3,8,3,9,4,8,5,1,1,4,2,4,7,7,7,3,8,8,7,2,9,7,7,3,9,3,1,9
Willock,6,4,8,7,7,7,9,6,2,2,7,3,7,2,6,4,6,6,5,4,5,4,4,2,9,6,5,5,2,9,5,5,5,5,7,7,2,4
Karius,7,6,2,7,4,6,2,5,3,6,7,1,3,3,9,3,7,5,3,8,6,2,2,3,2,9,3,1,8,5,3,3,8,1,5,3,5,1
Dummett,4,2,6,6,7,3,2,9,9,6,9,7,3,8,1,4,9,5,7,5,2,7,6,8,2,9,5,7,7,2,9,9,4,5,3,6,9,9
Barnes,1,3,1,3,2,6,5,1,1,2,6,2,4,4,9,6,4,7,9,6,3,5,4,4,8,9,2,2,7,8,3,2,9,7,8,6,9,6
Livramento,6,7,3,9,4,3,6,1,1,2,8,4,9,1,8,5,7,9,4,5,1,8,2,9,7,3,4,5,5,7,5,2,9,1,5,9,6,9
A.Murphy,2,8,1,6,9,3,8,8,4,5,9,7,8,5,9,6,4,7,1,7,8,3,7,3,9,9,2,2,5,8,1,2,1,6,7,5,8,8
Miley,5,4,6,6,5,1,7,6,4,9,5,6,9,1,1,7,7,6,3,6,1,6,6,6,2,5,9,1,9,8,4,3,9,8,4,4,4,3
Diallo,8,4,9,3,8,9,3,4,8,1,2,7,2,1,3,9,6,6,1,3,2,4,6,8,2,9,5,9,4,5,7,5,3,6,6,3,6,6
Parkinson,5,1,2,4,1,8,1,2,3,7,3,6,9,2,9,5,1,5,2,7,5,2,3,4,5,5,4,9,3,9,8,5,2,8,1,4,1,3
Hernes,7,6,2,7,5,4,6,1,8,6,9,3,8,1,8,3,6,3,2,1,7,1,6,9,4,6,5,4,7,2,7,7,9,8,5,3,3,5
Tavares,6,6,5,1,6,8,1,5,9,5,1,7,6,6,6,7,6,1,8,2,7,6,3,5,8,1,7,3,6,6,4,4,3,2,5,1,7,6
Turner,8,6,8,5,3,6,5,7,5,6,8,3,1,4,8,5,9,7,3,2,9,4,3,6,4,4,9,7,2,8,6,4,6,7,5,7,9,8
Hudson-Odoi,7,7,4,3,7,8,4,5,4,2,7,9,7,5,5,7,1,7,7,3,8,4,5,5,4,4,1,3,3,6,1,2,8,3,4,9,7,8
Elanga,1,8,2,4,5,9,4,4,7,8,2,6,2,5,3,7,4,8,1,2,5,8,2,5,4,6,9,4,5,6,9,4,3,4,6,8,4,5
Arter,2,8,5,4,6,4,1,7,5,9,5,7,7,5,8,7,6,2,6,3,6,1,4,8,6,6,4,7,7,9,7,4,8,9,9,4,2,4
Awoniyi,2,6,2,7,5,9,5,9,3,3,8,8,1,1,5,3,2,7,4,1,6,4,8,5,7,7,5,1,1,7,6,3,4,9,5,4,3,9
Boly,7,1,5,3,3,1,9,8,8,1,3,7,6,2,5,7,1,5,3,2,9,6,6,4,7,5,4,6,9,2,9,9,3,5,1,5,4,9
Danilo,1,9,6,5,7,2,2,1,8,2,3,7,3,2,3,6,4,8,6,7,1,2,1,6,6,6,9,5,6,8,4,7,5,8,1,1,4,1
Felipe,6,6,7,6,5,2,5,3,4,7,1,5,4,2,1,3,6,1,9,8,8,4,7,2,3,1,6,3,9,6,9,6,5,6,8,6,1,2
Gibbs-White,6,9,5,4,2,2,7,1,3,3,4,6,2,4,8,2,9,7,2,7,6,6,6,4,1,4,5,8,5,5,2,2,9,1,4,6,4,2
Hennessey,2,9,7,4,4,5,4,7,4,7,4,1,6,1,3,5,5,3,1,4,1,3,7,8,5,8,1,8,9,7,9,8,3,5,1,6,7,5
Kouyaté,4,3,9,3,8,4,5,8,9,7,3,7,3,3,1,5,2,9,3,2,7,8,9,7,2,3,1,9,6,9,2,5,7,4,8,3,7,4
Niakhaté,6,9,7,9,5,6,5,8,8,7,4,1,1,3,6,3,1,3,6,6,2,8,6,9,6,5,2,5,6,4,7,4,8,8,9,5,7,7
Toffolo,4,1,8,1,7,6,1,4,3,5,9,6,6,6,9,8,2,5,8,2,3,9,2,5,9,2,2,5,6,8,2,6,8,8,2,9,4,2
Williams,2,2,8,5,9,3,6,6,1,7,5,4,7,1,2,2,1,5,1,7,6,9,1,2,5,3,3,3,2,6,6,8,1,4,4,7,4,5
Wood,4,5,2,5,3,3,7,4,5,1,7,2,7,3,2,3,9,3,2,9,3,1,8,1,7,7,2,3,3,3,3,8,9,1,3,9,6,2
Yates,8,6,2,1,6,6,5,7,7,3,4,6,2,5,1,5,1,9,6,4,8,4,7,5,1,6,5,3,3,4,1,2,1,6,2,9,6,2
Aina,7,5,8,1,3,3,7,9,3,8,4,5,2,1,8,5,1,6,4,1,4,5,1,7,3,6,9,3,3,5,5,8,1,5,9,3,2,3
Powell,4,2,5,6,1,2,4,8,2,8,8,1,9,7,8,9,5,4,9,5,7,6,1,8,5,2,8,2,5,6,2,2,7,8,6,7,7,9
G.Montiel,3,7,6,6,2,5,7,4,2,2,4,2,1,8,9,9,3,6,3,4,7,7,7,1,6,6,4,3,9,1,4,2,5,2,8,8,9,2
Murillo,9,2,9,2,6,9,8,7,4,6,9,1,6,2,8,7,6,6,3,5,9,9,6,1,2,2,8,9,4,2,1,7,6,2,4,3,7,8
Odysseas,8,8,1,8,4,6,8,5,5,2,9,2,8,5,7,2,1,7,4,6,5,5,2,4,4,1,8,3,9,7,3,4,3,7,2,6,7,5
Omobamidele,6,6,6,9,8,1,5,9,4,5,3,3,7,1,1,5,3,6,9,3,5,6,9,4,6,1,5,9,7,8,9,4,8,5,3,4,9,3
Dominguez,8,7,3,4,2,3,3,2,3,9,2,4,7,8,8,1,4,2,5,4,1,3,5,9,9,3,7,4,8,7,3,2,5,4,5,6,4,9
Sangaré,4,1,7,9,9,5,4,4,3,8,5,9,5,6,2,6,2,1,6,1,4,2,8,9,7,9,2,5,6,6,3,1,8,9,9,3,2,3
Origi,1,8,9,5,6,7,2,8,7,2,5,7,3,2,9,3,8,8,1,2,6,5,7,6,8,4,4,6,1,5,2,1,4,4,2,1,8,3
McDonnell,7,1,4,5,2,8,8,8,1,7,5,3,8,9,4,5,4,9,5,5,4,1,2,7,1,1,5,5,3,4,7,3,8,3,9,2,8,4
Osong,3,3,8,6,1,3,1,1,1,3,3,1,3,6,7,7,7,3,7,9,6,7,2,8,1,8,7,7,7,9,7,4,3,2,2,2,8,3
Gardner,3,6,4,8,1,3,8,1,6,6,2,9,5,8,3,1,3,6,8,5,3,5,2,2,8,2,5,4,8,8,1,8,6,4,4,3,6,1
Reyna,5,5,9,8,8,8,4,6,5,8,3,8,5,3,5,9,1,7,8,8,5,3,6,9,6,8,8,9,1,3,7,5,8,4,5,1,2,1
Sels,8,2,2,9,6,7,8,7,9,2,2,4,8,1,7,9,5,9,7,5,3,3,3,3,9,7,6,2,3,2,8,5,5,1,4,9,2,5
Ribeiro,9,1,9,7,4,9,2,8,8,8,2,4,8,7,5,5,2,2,8,1,4,5,7,4,1,1,3,2,1,7,4,6,7,7,4,6,7,8
Trusty,2,2,5,9,2,5,6,3,1,6,4,4,7,5,9,1,1,8,4,2,7,8,6,7,6,6,2,5,9,9,6,7,4,7,8,8,4,1
Archer,8,4,3,5,3,6,4,3,9,7,8,2,2,4,7,4,3,3,9,5,3,6,3,8,9,2,2,3,8,2,8,4,4,2,6,7,2,9
Holgate,3,1,1,3,6,5,7,6,8,8,8,8,5,3,6,3,5,9,1,2,8,1,8,7,3,7,6,2,5,4,4,3,5,1,2,9,3,8
McAtee,1,4,4,1,8,7,5,9,3,7,1,4,4,3,8,8,1,8,3,5,3,6,1,7,8,7,6,2,4,5,2,9,9,5,2,7,8,9
Ahmedhodžić,4,9,8,1,6,1,2,4,9,8,6,8,9,4,8,9,2,2,9,6,9,4,8,1,8,4,6,1,2,2,9,7,4,2,7,3,2,8
Amissah,1,1,6,6,3,4,8,1,8,8,6,8,7,5,1,3,8,1,7,6,7,6,1,8,7,1,7,3,5,6,4,1,8,8,5,4,3,2
Baldock,1,4,6,1,7,5,3,5,5,2,6,4,9,2,1,2,7,2,1,9,8,4,8,3,1,4,7,8,8,5,1,4,4,4,2,5,7,3
Basham,2,4,1,9,9,1,5,4,7,8,7,5,8,4,3,8,8,4,7,6,1,9,9,1,6,4,7,5,9,1,7,7,3,8,5,2,6,8
Bogle,7,2,5,7,3,6,9,8,9,1,6,7,5,1,3,9,5,7,7,3,1,3,6,3,6,8,8,9,4,6,3,4,1,9,8,7,9,1
Brewster,3,3,9,2,4,2,6,2,3,5,4,2,3,6,6,9,8,3,3,6,2,7,5,6,9,2,8,5,7,5,4,9,4,2,1,6,4,7
A.Davies,1,9,1,8,3,3,9,5,3,2,4,1,4,3,1,5,4,4,4,4,3,1,9,1,5,4,5,5,8,5,3,4,2,5,9,4,8,9
Egan,2,5,1,1,6,8,4,3,3,4,2,4,3,6,5,3,4,8,2,6,8,9,5,1,6,2,1,5,5,2,3,8,3,2,5,8,3,2
Foderingham,7,9,9,8,7,8,2,4,7,3,7,4,8,7,5,2,4,5,1,9,6,4,4,4,7,2,3,8,6,7,8,9,2,8,6,7,8,4
Jebbison,7,4,3,9,5,8,3,6,6,2,6,6,6,4,3,9,4,2,5,3,4,1,4,5,3,6,7,5,9,4,7,8,6,1,2,6,9,7
Lowe,2,8,3,5,2,4,1,9,8,3,1,1,4,8,8,9,5,2,7,8,8,2,6,4,6,9,6,8,1,5,8,9,4,6,4,5,6,6
McBurnie,5,8,4,9,6,9,8,8,6,8,9,9,2,8,5,5,1,9,6,1,4,7,2,5,7,2,2,9,7,4,4,7,7,3,5,6,3,9
Norrington-Davies,3,2,6,2,5,8,5,6,3,7,4,1,3,8,7,7,9,6,3,5,6,9,2,1,4,5,8,4,3,2,1,9,7,4,2,1,4,8
Norwood,9,5,1,5,8,9,4,2,4,6,7,2,5,8,6,7,8,9,6,5,8,3,2,1,1,8,4,2,5,6,7,2,2,7,1,5,2,8
Osborn,7,9,9,1,6,3,8,3,8,5,8,7,2,4,3,4,5,2,6,6,9,7,1,1,8,4,2,9,7,4,2,3,9,3,1,6,3,7
Osula,2,5,6,5,2,3,5,6,7,2,3,5,8,7,3,8,6,9,6,2,6,2,8,9,2,5,3,7,2,6,6,7,6,8,4,4,7,9
Slimane,3,8,7,1,3,7,2,1,9,6,7,2,6,5,2,7,6,6,4,8,5,5,4,3,1,3,7,6,7,5,6,3,2,3,2,7,6,8
Larouci,7,2,3,3,3,7,4,9,3,4,9,5,5,7,9,5,7,3,8,6,6,5,2,7,5,2,8,5,2,6,2,2,9,1,8,4,5,1
Vini Souza,5,1,9,9,3,4,1,9,2,6,4,3,8,2,6,2,9,3,6,9,2,8,8,3,2,3,2,9,5,4,2,3,6,1,5,1,3,8
Brooks,9,2,1,6,5,5,8,3,9,7,1,9,1,4,6,6,1,7,7,6,9,2,1,4,3,7,8,1,3,1,5,2,1,4,1,1,3,5
Hamer,3,7,5,9,1,3,3,3,3,6,9,8,4,4,4,2,4,1,9,8,8,3,5,4,1,5,8,5,9,5,6,6,9,8,4,3,4,4
T.Davies,8,1,6,5,4,3,2,5,5,1,5,6,5,1,6,6,1,8,3,4,2,7,3,2,2,6,2,6,6,8,7,9,1,2,8,1,3,7
Oné,1,1,5,2,5,1,4,6,5,3,5,2,7,5,9,4,1,9,6,5,8,2,3,6,7,7,8,6,4,7,9,5,4,1,6,8,3,4
Peck,1,7,6,9,5,4,5,5,9,2,5,4,1,7,5,7,5,5,3,3,4,8,4,6,4,6,2,1,8,6,3,9,5,9,7,2,5,9
Brereton Díaz,9,6,6,4,4,8,8,1,6,4,2,8,6,6,5,4,6,3,2,2,3,7,9,5,9,3,5,9,5,6,6,7,6,9,6,2,4,1
Grbić,3,9,4,1,8,7,5,4,5,1,4,7,5,6,7,2,3,2,4,2,1,5,4,2,4,4,6,4,3,6,2,9,7,1,7,9,4,7
Blacker,5,5,4,9,5,4,1,5,9,7,7,8,9,3,1,4,5,4,1,3,8,8,2,2,1,3,6,1,5,5,9,2,2,1,7,7,3,5
Arblaster,7,6,1,7,6,2,2,6,6,6,4,6,9,2,9,4,8,3,9,4,7,7,9,4,8,1,7,1,8,8,1,8,6,1,5,9,5,4
Sasnauskas,3,1,7,4,3,2,9,1,4,3,3,4,8,8,2,6,4,3,5,3,6,5,3,6,4,8,5,3,9,8,6,2,6,1,5,9,9,5
Curtis,4,7,3,6,4,3,8,8,2,9,6,9,9,4,6,4,3,2,9,7,6,1,2,2,1,7,8,9,8,2,6,1,4,1,7,4,4,9
Bentancur,3,4,9,4,1,3,4,5,2,8,8,6,7,7,2,7,4,8,3,5,3,1,1,4,8,5,2,3,3,7,1,4,1,3,9,3,5,5
Bissouma,4,2,9,4,6,9,3,3,9,3,6,3,3,8,3,8,6,1,8,5,3,2,8,8,3,6,8,7,8,2,4,9,7,1,2,4,5,6
Bryan,5,2,7,1,4,2,2,1,7,1,7,9,4,7,8,6,2,6,8,4,8,9,2,1,1,7,4,7,5,7,5,4,7,5,7,6,5,2
Davies,2,1,3,1,9,9,9,6,3,7,7,2,9,7,2,2,1,8,1,8,5,9,9,4,3,2,1,3,1,8,9,3,3,6,9,2,9,3
E.Royal,1,1,7,5,1,7,5,3,6,8,2,1,5,4,2,2,7,2,3,2,6,1,3,4,9,4,7,4,2,4,5,8,9,8,7,1,1,5
Forster,5,4,1,7,4,8,7,3,2,6,6,9,8,4,9,4,3,7,8,1,8,9,9,1,7,7,2,9,6,7,7,5,4,7,8,2,7,6
Højbjerg,8,8,4,1,3,8,5,4,8,5,4,2,9,7,7,8,9,6,5,2,5,7,1,1,9,5,2,2,4,1,3,4,6,5,6,8,1,1
Kulusevski,3,1,7,9,5,1,2,5,4,1,5,3,4,4,1,3,1,8,1,8,7,4,3,1,6,4,4,6,3,2,3,2,7,1,9,5,9,8
Lo Celso,4,8,2,4,4,7,6,1,8,1,4,2,2,6,6,4,2,9,2,2,4,1,6,9,9,8,9,8,1,2,6,5,7,5,7,2,9,5
Maddison,5,3,3,3,5,1,6,7,1,1,6,4,7,5,3,9,1,1,8,5,4,3,8,1,6,5,4,1,8,9,9,2,2,5,9,5,6,3
Pedro Porro,6,3,8,9,8,4,9,3,9,3,6,9,2,6,2,3,9,8,6,2,9,7,7,3,6,4,7,7,1,3,2,3,9,7,6,2,1,1
Richarlison,8,4,3,3,1,6,6,3,3,8,8,6,2,4,9,8,2,3,7,2,2,5,3,7,4,9,9,7,9,7,8,4,5,3,3,5,4,2
Romero,5,1,2,8,5,2,1,8,5,3,9,3,8,5,8,9,8,2,9,6,3,2,4,6,8,2,3,1,3,8,5,9,9,8,7,9,4,9
Sarr,6,1,9,6,4,1,3,3,3,4,9,3,9,7,7,2,1,6,4,3,9,4,8,8,2,9,4,1,8,1,4,1,3,1,3,9,6,9
Sessegnon,3,6,3,4,4,4,3,3,9,5,7,6,6,5,8,1,5,2,8,3,5,7,1,2,2,1,8,3,7,5,4,4,2,3,2,1,4,5
Skipp,6,7,5,1,4,1,2,7,4,7,5,1,9,4,3,9,6,9,4,1,3,7,5,9,3,3,7,1,1,7,9,5,6,3,3,6,2,5
Udogie,7,2,1,5,1,3,3,5,3,7,3,6,7,5,2,6,3,3,5,1,1,6,7,1,6,6,6,2,5,9,2,3,1,3,1,4,4,9
Vicario,4,9,5,5,1,4,3,7,1,8,8,2,8,4,9,3,4,3,3,2,5,5,8,5,6,1,4,6,4,7,3,7,2,9,3,8,8,1
Whiteman,1,8,4,9,9,9,4,4,5,2,9,5,8,5,3,9,9,6,1,8,3,5,1,2,5,3,2,9,2,4,4,1,1,5,5,6,2,7
Solomon,9,8,6,3,7,6,9,2,1,2,8,2,8,3,5,2,2,2,2,4,1,2,9,4,3,2,9,3,6,1,4,1,5,4,2,7,6,5
Van de Ven,6,7,1,7,9,8,8,6,7,7,5,8,3,6,4,2,8,2,7,2,5,6,5,3,5,1,7,7,8,9,9,3,5,1,8,2,7,3
Scarlett,3,2,4,9,5,3,2,5,1,8,5,7,9,4,8,8,1,2,8,7,9,5,1,1,8,3,3,7,6,2,9,7,3,1,2,2,4,2
Donley,7,4,4,8,7,3,2,1,2,8,5,3,8,2,2,5,4,9,7,3,7,3,7,7,4,1,8,9,5,4,8,9,9,7,1,1,4,4
Dorrington,4,7,8,5,4,5,7,6,6,8,8,9,9,9,5,1,6,3,3,4,4,2,7,1,8,7,1,9,6,4,4,6,2,1,4,4,5,3
Yago Santiago,5,6,4,6,6,6,6,4,6,6,9,5,7,4,8,4,9,4,4,3,4,4,8,5,6,8,3,3,9,4,8,8,3,6,4,5,4,3
Werner,8,5,3,3,8,2,2,4,2,4,9,9,6,7,9,4,6,6,2,5,4,8,7,8,2,6,3,4,7,4,2,7,8,5,5,7,6,2
Drăgușin,8,6,4,5,2,2,7,5,7,3,2,3,1,8,9,7,3,4,3,2,4,7,5,6,9,1,6,3,1,3,3,9,6,4,8,1,8,1
Phillips,8,8,5,3,3,9,5,6,1,6,7,8,9,5,9,2,1,4,7,6,2,8,7,5,7,1,3,5,6,6,7,1,9,3,2,4,2,7
N.Aguerd,5,4,2,3,2,5,8,9,1,2,4,1,9,4,6,9,2,2,8,9,9,8,8,3,2,4,9,9,1,1,4,2,9,1,8,7,9,6
Antonio,2,3,4,3,9,1,9,6,9,7,1,7,1,4,3,9,4,5,4,2,9,1,5,1,1,4,2,3,5,5,2,4,6,4,1,1,4,1
Areola,3,8,9,7,8,9,8,7,7,1,6,9,8,6,8,6,3,8,5,7,2,3,9,7,5,1,5,4,4,5,1,7,8,9,3,7,1,2
Bowen,7,8,9,4,2,6,7,4,6,5,2,5,6,3,9,4,5,3,4,4,5,1,9,6,9,4,8,8,5,7,1,3,8,1,3,2,7,2
Cornet,3,2,8,3,4,5,9,9,2,4,1,2,7,4,8,9,9,7,7,1,2,8,2,3,6,4,5,3,2,5,1,7,6,9,3,4,3,6
Coufal,3,8,5,5,1,1,7,5,7,8,2,7,3,1,5,6,9,4,9,4,2,7,2,3,9,2,7,7,8,5,1,3,1,5,4,6,7,6
Cresswell,6,2,1,7,6,4,8,1,1,5,8,5,5,2,7,6,5,6,3,2,5,4,5,5,3,2,3,5,9,5,9,6,4,9,6,2,2,4
Emerson,9,1,6,2,9,6,6,5,9,5,4,3,1,4,4,3,9,5,4,5,2,5,4,4,4,4,4,9,8,1,9,9,7,9,4,1,9,5
Fabianski,2,8,6,8,7,7,4,6,8,9,3,5,8,2,4,9,8,3,1,6,2,2,3,5,8,9,7,6,9,3,3,4,5,6,3,6,5,8
Ings,5,9,6,8,2,1,3,1,5,4,3,9,5,5,9,4,6,9,3,5,3,1,6,3,5,7,9,6,7,5,5,5,3,7,6,6,2,4
Mubama,9,4,3,2,2,9,6,2,6,9,9,7,1,2,2,1,5,6,6,9,9,3,5,1,9,9,9,3,4,7,5,1,8,5,9,2,2,9
L.Paquetá,4,5,2,5,5,8,5,5,9,7,3,4,3,8,7,3,1,5,3,4,8,2,1,8,4,5,6,6,3,2,1,2,5,6,4,7,5,4
Souček,3,9,1,1,9,2,3,2,5,4,6,4,7,4,9,1,5,3,1,4,6,9,8,4,9,9,8,4,8,7,4,4,4,1,1,6,7,2
Zouma,9,4,6,1,3,9,7,5,1,3,8,4,7,3,5,1,2,7,7,4,3,1,6,7,4,3,1,4,2,4,3,7,4,1,4,7,3,7
Ogbonna,9,2,4,2,2,9,5,4,8,2,6,5,6,4,8,7,4,2,2,9,3,3,3,9,1,5,3,1,6,1,6,4,5,6,4,8,7,4
Álvarez,3,1,3,8,4,7,1,5,6,8,6,1,8,2,5,7,4,3,5,7,3,9,1,4,9,6,5,5,1,5,9,9,7,2,1,6,1,2
Anang,8,6,8,5,1,5,5,5,6,6,9,6,6,1,4,4,3,5,1,9,7,2,9,5,7,3,4,7,7,9,8,8,6,8,9,7,2,3
Ward-Prowse,9,4,5,6,8,2,3,2,9,9,3,5,6,1,8,6,2,7,3,2,4,3,7,4,3,7,1,1,1,4,1,1,5,9,8,3,3,7
Mavropanos,5,8,2,3,8,5,4,9,6,6,1,7,9,5,3,6,3,2,7,1,6,5,1,8,6,5,1,9,4,9,1,6,1,1,6,8,4,1
Kudus,7,8,3,6,6,4,6,3,2,3,7,6,6,2,2,5,4,4,6,3,4,4,2,5,8,2,3,9,2,8,2,6,2,1,2,1,4,1
Orford,8,2,4,2,7,2,7,3,3,1,9,2,6,1,9,6,7,4,5,6,7,4,3,9,3,3,3,5,6,8,9,1,3,4,7,1,3,7
Casey,1,4,4,8,7,3,9,7,1,9,1,2,3,5,2,2,5,2,1,3,5,2,2,3,8,6,5,9,6,3,9,4,8,9,7,5,3,7
Scarles,4,2,6,3,3,8,8,8,5,4,3,9,2,1,8,3,3,2,6,6,8,1,4,9,2,3,5,1,8,9,6,3,4,9,9,4,7,6
Earthy,4,6,7,7,2,1,1,9,6,8,7,5,2,4,5,4,9,4,8,9,2,4,9,2,9,5,1,7,6,7,4,5,5,8,8,7,6,3
Doyle,4,4,4,1,3,4,9,8,2,4,2,2,1,5,4,7,8,5,3,6,6,2,1,4,9,5,8,7,6,8,8,8,4,9,8,9,4,5
Aït-Nouri,6,3,2,9,5,3,3,6,9,6,4,6,5,2,1,6,9,6,2,2,3,3,5,4,6,3,2,7,8,7,9,3,9,4,7,2,1,2
Bentley,1,1,4,5,8,2,4,7,6,6,5,1,4,2,1,9,6,6,7,6,7,2,5,3,8,6,5,3,4,4,7,2,3,4,4,9,4,4
H.Bueno,3,5,5,2,7,2,5,3,3,9,1,9,7,8,9,9,3,6,3,5,7,4,2,4,5,1,5,1,6,6,1,3,1,1,4,8,3,7
Dawson,3,5,9,3,2,4,7,5,6,3,6,2,9,7,7,1,7,5,2,7,2,2,4,1,1,1,3,2,1,8,2,5,8,5,4,3,4,7
Hee Chan,6,7,6,4,6,1,8,6,6,8,6,4,4,5,6,6,2,3,3,3,4,3,7,2,6,8,6,1,6,6,3,1,3,9,2,4,2,3
João Gomes,7,8,8,5,3,8,7,5,1,3,5,8,7,4,1,6,3,2,4,3,6,3,6,8,3,3,8,9,3,9,9,9,8,3,3,3,9,3
Jordão,8,2,4,9,4,8,7,7,8,2,3,6,8,1,8,1,6,7,9,5,8,2,3,2,1,7,6,3,8,8,7,5,8,2,1,2,3,1
Mario Jr.,4,2,8,9,5,2,1,7,9,2,4,7,4,4,9,8,1,8,3,1,9,1,4,7,9,6,2,9,7,6,9,1,4,8,1,4,6,8
José Sá,6,1,9,2,4,8,1,3,2,2,9,4,5,6,7,8,4,7,6,2,4,3,4,2,8,2,5,8,6,1,6,9,5,4,2,3,2,4
Sarabia,2,6,3,9,3,2,1,7,5,7,9,4,7,1,3,3,2,1,4,6,6,1,2,5,2,3,5,1,5,2,1,6,4,4,6,7,4,6
N.Semedo,5,3,1,5,5,1,7,2,8,2,1,5,8,8,8,1,9,4,1,6,4,5,1,4,5,1,7,5,1,4,7,8,5,7,4,8,4,9
Toti,4,4,3,3,2,2,5,9,2,9,9,6,2,1,4,7,8,6,2,9,3,2,8,6,4,2,6,2,7,3,4,2,3,7,4,4,3,4
Boubacar Traore,7,1,9,6,8,2,1,4,4,1,9,8,3,9,8,9,6,7,1,6,1,7,7,3,3,3,5,8,6,4,6,1,3,9,8,8,5,1
Cunha,2,2,5,1,2,2,5,2,9,8,1,8,2,2,6,9,2,7,5,3,6,4,7,3,2,1,7,6,2,8,9,9,3,8,9,5,2,5
Doherty,4,1,3,8,2,4,6,3,3,2,2,8,1,7,4,4,4,4,3,5,5,2,8,8,2,3,3,1,9,8,5,3,5,1,6,1,7,4
S.Bueno,4,4,3,5,3,2,2,8,6,6,4,5,6,6,9,1,1,1,4,8,8,1,9,9,5,2,9,6,4,6,2,6,6,6,4,8,4,6
González,5,7,4,6,6,1,2,8,7,8,9,1,5,1,8,2,1,4,3,9,4,2,5,9,6,6,6,6,1,2,7,9,8,8,3,6,9,1
Fraser,8,5,5,9,8,1,3,8,5,8,7,6,4,6,3,4,8,8,6,4,2,1,4,5,1,7,4,1,9,5,7,9,5,9,3,8,9,9
Bellegarde,3,8,3,6,9,5,9,6,1,9,9,3,5,4,1,9,4,7,4,1,9,1,9,7,7,3,7,7,1,9,1,6,6,4,2,4,5,2
Whittingham,2,6,7,2,8,4,3,2,6,9,4,5,4,1,9,6,1,8,1,3,5,4,3,1,9,9,4,9,1,1,3,5,9,1,3,1,8,3
Chirewa,4,2,3,7,2,1,6,2,2,5,6,7,6,3,5,5,4,4,2,9,6,3,2,3,6,5,3,1,9,1,7,7,5,3,7,4,2,2
Hubner,7,6,7,2,1,1,7,5,7,6,9,1,7,7,8,9,7,1,4,2,3,6,9,9,9,6,7,2,1,9,3,1,2,9,7,8,9,5
Barnett,6,3,9,9,1,3,9,7,5,1,7,9,9,1,5,3,3,4,7,2,8,4,3,2,2,7,2,7,2,1,5,1,3,2,9,4,6,6
Griffiths,9,6,5,8,4,6,4,1,2,7,7,6,7,3,3,3,6,7,6,1,9,7,6,4,4,1,3,5,2,4,3,9,7,3,3,7,1,6
N.Lemina,2,7,2,4,1,7,2,5,9,7,8,8,8,4,7,3,2,3,9,8,3,7,7,4,6,5,1,2,2,7,2,4,2,6,4,7,7,5
Okoduwa,9,1,5,4,5,9,1,6,9,5,9,7,4,2,7,8,8,5,9,8,5,1,5,7,6,6,5,6,6,1,4,4,7,3,4,2,4,2
Chiwome,8,3,7,2,7,7,4,9,1,1,6,9,8,1,6,6,7,6,9,5,3,8,8,9,5,7,5,5,9,1,7,3,3,6,7,6,6,7
Holman,3,6,1,7,9,8,8,9,3,3,4,1,3,2,4,1,2,7,1,9,2,4,3,7,7,5,5,9,9,4,1,1,5,8,7,7,2,4
